Product id,Data S2 Name,Group,id,Product_details,Country,Weight,Land Use (m2*year),Arable Land Use (m2*year),Pasture Land Use (m2*year),Biodiversity (sp*yr*10^14),"GHG Emissions (kg CO2eq, IPCC2013 incl CC feedbacks)",Acidification (g SO2eq),Eutrophication (g PO43-eq),Water Use (L),Scarcity Weighted Water Use (L eq),Sys
1,41,5,1,125,1,0.009000000000000001,7.78,7.78,0.0,220.91,3.67,15.35,13.94,9.22,124.33,0
1,41,5,7,125,20,0.011000000000000001,1.31,1.31,0.0,2.11,0.65,5.27,0.62,2.19,2.73,0
1,41,5,8,125,20,0.0,1.99,1.99,0.0,3.23,0.42,3.41,0.29,2.19,2.73,2
1,41,5,9,125,20,0.011000000000000001,1.38,1.38,0.0,2.23,0.7,7.28,9.43,16.43,26.48,0
1,41,5,11,124,41,0.0,2.5,2.5,0.0,1.16,1.83,6.41,5.53,2.19,1.4,0
1,41,5,15,125,50,0.001,1.82,1.82,0.0,15.92,0.74,7.62,10.18,8.19,14.54,0
1,41,5,17,123,1,0.013000000000000001,5.08,5.08,0.0,63.39,0.67,8.44,1.43,2.19,55.88,0
1,41,5,18,123,1,0.004,8.65,8.65,0.0,75.2,0.68,9.52,1.86,2.19,55.88,0
1,41,5,19,123,1,0.001,7.69,7.69,0.0,66.86,0.65,8.37,1.6,2.19,55.88,0
1,41,5,20,123,1,0.009000000000000001,8.34,8.34,0.0,236.71,0.72,7.77,1.98,2.19,55.88,0
1,41,5,21,123,1,0.009000000000000001,5.77,5.77,0.0,163.82,0.76,7.75,5.37,2.19,55.88,0
1,41,5,22,123,1,0.009000000000000001,9.36,9.36,0.0,265.66,0.77,15.54,4.71,2.19,55.88,0
1,41,5,23,123,1,0.009000000000000001,8.38,8.38,0.0,237.85,0.9,14.3,4.3,2.19,55.88,0
1,41,5,24,123,1,0.009000000000000001,5.63,5.63,0.0,159.89,0.87,15.1,4.51,2.19,55.88,0
1,41,5,25,123,1,0.036000000000000004,11.86,11.86,0.0,147.96,1.22,4.18,4.06,2.19,55.88,0
1,41,5,26,123,1,0.013000000000000001,5.02,5.02,0.0,62.59,0.86,19.71,7.53,2.19,55.88,0
1,41,5,28,123,1,0.009000000000000001,8.63,8.63,0.0,245.07,0.92,14.19,4.63,2.19,55.88,0
1,41,5,29,123,1,0.001,6.03,6.03,0.0,52.4,1.05,15.55,4.75,2.19,55.88,0
1,41,5,33,123,1,0.009000000000000001,8.95,8.95,0.0,254.13,0.94,14.55,0.17,2.19,55.88,0
1,41,5,34,123,1,0.046,11.18,11.18,0.0,44.15,0.92,9.49,1.16,2.19,55.88,0
1,41,5,35,123,1,0.013000000000000001,2.98,2.98,0.0,84.65,0.71,9.89,0.36,2.19,55.88,0
1,41,5,36,123,1,0.001,3.97,3.97,0.0,34.52,1.03,18.0,7.03,2.19,55.88,0
1,41,5,37,123,1,0.001,3.82,3.82,0.0,33.22,0.86,11.43,5.65,2.19,55.88,0
1,41,5,38,123,1,0.004,3.82,3.82,0.0,33.22,0.95,17.58,6.15,2.19,55.88,0
1,41,5,39,123,1,0.004,3.56,3.56,0.0,30.9,0.75,10.78,4.66,2.19,55.88,0
1,41,5,41,123,4,0.002,2.72,2.72,0.0,4.43,1.03,7.14,3.49,2.19,2.56,0
1,41,5,50,123,9,0.005,3.87,3.87,0.0,78.7,1.31,18.09,4.91,2.2,86.39,0
1,41,5,51,123,9,0.0,9.75,9.75,0.0,198.23,1.09,4.71,0.58,2.2,86.39,2
1,41,5,55,136,10,0.003,0.73,0.73,0.0,2.93,1.17,16.02,5.5,1255.45,119559.54,0
1,41,5,56,136,10,0.004,0.78,0.78,0.0,3.1,2.01,23.52,5.08,800.71,76200.18,0
1,41,5,57,136,10,0.006999999999999999,0.84,0.84,0.0,3.34,2.23,26.17,5.74,936.26,89124.77,0
1,41,5,58,136,10,0.006999999999999999,0.69,0.69,0.0,2.76,1.28,16.34,5.16,391.57,38998.44,0
1,41,5,61,123,10,0.019,1.15,1.15,0.0,5.24,1.73,24.61,7.67,2.19,60.72,0
1,41,5,62,123,10,0.019,1.09,1.09,0.0,4.96,1.45,18.42,5.63,2.19,60.72,0
1,41,5,63,123,10,0.006999999999999999,6.99,6.99,0.0,27.92,1.46,15.77,8.11,1033.73,93494.57,0
1,41,5,64,123,10,0.006999999999999999,6.48,6.48,0.0,25.88,1.3,15.87,8.4,1033.69,93490.84,0
1,41,5,65,136,10,0.006999999999999999,0.76,0.76,0.0,3.04,1.68,20.98,6.43,456.37,43367.12,0
1,41,5,66,136,10,0.006999999999999999,0.69,0.69,0.0,2.75,1.56,20.21,6.17,436.35,41458.2,0
1,41,5,67,136,10,0.006999999999999999,0.87,0.87,0.0,3.46,1.43,18.92,5.72,402.45,38225.92,0
1,41,5,68,136,10,0.006999999999999999,0.41,0.41,0.0,1.65,1.6,20.79,6.37,451.38,42891.3,0
1,41,5,72,136,14,0.0,5.12,5.12,0.0,122.14,1.27,7.94,1.79,711.91,35533.54,0
1,41,5,76,123,16,0.008,1.53,1.53,0.0,2.28,1.1,15.21,6.75,2.19,10.6,0
1,41,5,77,123,16,0.0,2.53,2.53,0.0,3.77,1.3,27.6,13.42,2.19,10.6,2
1,41,5,91,136,19,0.002,1.32,1.32,0.0,2.17,0.98,8.07,6.78,59.25,239.85,0
1,41,5,92,136,19,0.002,0.99,0.99,0.0,1.62,0.97,8.02,3.97,57.92,234.36,0
1,41,5,93,136,19,0.002,1.07,1.07,0.0,1.75,0.98,8.1,4.01,62.72,254.11,0
1,41,5,94,136,19,0.002,1.19,1.19,0.0,1.95,0.89,7.14,5.83,53.68,216.95,0
1,41,5,95,136,19,0.002,1.3,1.3,0.0,2.13,0.91,7.14,6.18,58.5,236.76,0
1,41,5,96,136,19,0.002,1.4,1.4,0.0,1.99,1.04,8.41,10.54,2.19,5.08,0
1,41,5,97,136,19,0.002,1.42,1.42,0.0,2.03,0.92,6.82,7.73,2.19,5.08,0
1,41,5,98,136,19,0.002,1.27,1.27,0.0,1.82,0.93,7.19,7.2,2.19,5.08,0
1,41,5,99,136,19,0.002,1.17,1.17,0.0,1.67,0.92,7.2,4.23,2.19,5.08,0
1,41,5,100,136,19,0.002,1.05,1.05,0.0,1.49,0.95,7.75,5.16,2.19,5.08,0
1,41,5,101,136,19,0.002,1.43,1.43,0.0,2.05,0.99,9.03,7.34,2.19,5.08,0
1,41,5,102,136,19,0.002,1.3,1.3,0.0,1.86,0.92,8.16,6.56,2.19,5.08,0
1,41,5,103,93,19,0.0,3.69,3.69,0.0,13.26,1.09,4.93,5.47,2.19,5.08,2
1,41,5,104,93,19,0.0,2.74,2.74,0.0,9.84,0.86,4.69,4.15,2.19,5.08,2
1,41,5,105,93,19,0.002,1.46,1.46,0.0,2.4,1.21,9.54,4.8,26.95,129.48,0
1,41,5,106,93,19,0.002,1.28,1.28,0.0,2.1,1.0,8.37,4.0,4.3,15.67,0
1,41,5,107,123,19,0.005,1.37,1.37,0.0,2.25,0.96,5.29,2.67,2.19,5.08,0
1,41,5,108,123,19,0.005,1.47,1.47,0.0,2.41,0.81,4.45,3.62,2.19,5.08,0
1,41,5,109,123,19,0.002,1.55,1.55,0.0,2.2,1.23,9.59,9.35,4.0,7.48,0
1,41,5,110,123,19,0.013999999999999999,1.47,1.47,0.0,5.28,1.04,7.36,3.84,2.19,5.08,0
1,41,5,111,123,19,0.013999999999999999,1.65,1.65,0.0,2.7,0.92,5.81,3.97,2.19,5.08,0
1,41,5,112,123,19,0.013999999999999999,1.53,1.53,0.0,5.51,1.12,5.82,3.59,2.19,5.08,0
1,41,5,113,136,19,0.008,2.05,2.05,0.0,3.36,1.0,7.85,3.74,2.19,5.08,0
1,41,5,115,123,20,0.002,1.36,1.36,0.0,2.06,1.24,6.05,4.97,110.05,264.14,0
1,41,5,116,123,20,0.002,1.36,1.36,0.0,2.06,1.23,5.99,4.88,109.96,263.93,0
1,41,5,117,123,20,0.002,1.36,1.36,0.0,2.06,1.22,5.98,4.8,110.17,264.43,0
1,41,5,118,123,20,0.0,2.72,2.72,0.0,4.11,1.48,27.0,15.15,109.95,263.89,2
1,41,5,123,136,20,0.013999999999999999,1.65,1.65,0.0,2.39,0.98,10.15,4.0,2.19,2.73,0
1,41,5,124,136,20,0.0,3.57,3.57,0.0,5.17,1.19,11.73,4.85,2.19,2.73,2
1,41,5,125,136,20,0.0,2.77,2.77,0.0,4.0,1.36,8.22,2.32,2.19,2.73,2
1,41,5,126,135,20,0.0,3.06,3.06,0.0,4.43,0.92,10.17,3.4,2.19,2.73,2
1,41,5,127,136,20,0.011000000000000001,1.54,1.54,0.0,2.49,1.1,6.87,11.95,2.19,2.73,0
1,41,5,128,123,20,0.002,1.52,1.52,0.0,2.3,1.24,6.31,4.51,3.83,6.7,0
1,41,5,131,126,22,0.012,4.87,4.87,0.0,81.32,1.84,14.5,4.84,2.19,67.45,0
1,41,5,134,126,25,0.2,1.18,1.18,0.0,14.25,0.87,12.74,6.44,918.86,12715.67,0
1,41,5,135,126,25,0.027000000000000003,1.21,1.21,0.0,14.26,0.87,9.95,14.42,952.69,3684.54,0
1,41,5,136,123,25,0.001,1.18,1.18,0.0,2.27,0.99,13.23,3.51,1271.81,104799.72,0
1,41,5,137,123,25,0.001,1.18,1.18,0.0,2.27,1.0,13.23,3.51,1156.38,95276.57,0
1,41,5,138,123,25,0.001,1.18,1.18,0.0,2.27,0.96,13.23,3.51,1266.76,104383.08,0
1,41,5,141,123,27,0.006999999999999999,3.38,3.38,0.0,9.85,1.81,9.12,15.22,1450.59,89886.4,0
1,41,5,142,123,27,0.004,28.57,28.57,0.0,83.18,1.23,8.38,1.75,2.11,86.54,0
1,41,5,143,123,27,0.004,6.67,6.67,0.0,19.41,1.66,33.48,12.07,601.45,38130.72,0
1,41,5,144,123,27,0.004,5.11,5.11,0.0,14.88,1.29,23.33,8.29,806.24,51130.22,0
1,41,5,145,123,27,0.004,4.19,4.19,0.0,12.2,1.14,19.41,6.73,660.1,41853.92,0
1,41,5,146,123,27,0.004,3.71,3.71,0.0,10.81,0.98,14.74,5.03,585.04,37089.4,0
1,41,5,147,123,27,0.004,4.43,4.43,0.0,12.9,1.44,18.09,6.47,3612.02,229233.89,0
1,41,5,148,123,27,0.006,2.54,2.54,0.0,40.12,1.05,18.42,7.02,734.94,68403.35,0
1,41,5,149,123,27,0.006,3.95,3.95,0.0,55.65,2.7,12.35,3.27,3166.83,203066.79,0
1,41,5,150,123,27,0.0,2.48,2.48,0.0,39.15,1.32,16.77,8.32,948.37,85882.38,0
1,41,5,151,123,27,0.0,1.93,1.93,0.0,30.52,0.88,7.44,4.15,937.77,84921.71,0
1,41,5,152,123,27,0.0,2.21,2.21,0.0,34.81,1.02,10.02,5.3,946.0,85667.2,0
1,41,5,153,123,27,0.0,4.23,4.23,0.0,66.78,0.82,4.98,2.93,2.11,86.54,0
1,41,5,154,123,27,0.0,3.03,3.03,0.0,47.77,1.5,20.08,9.85,959.55,86896.01,0
1,41,5,155,123,27,0.004,2.6,2.6,0.0,41.03,1.07,10.51,5.67,945.21,85595.75,0
1,41,5,159,136,30,0.0,1.66,1.66,0.0,25.22,1.01,4.46,4.48,2.19,38.96,0
1,41,5,160,136,30,0.0,1.98,1.98,0.0,30.22,1.09,4.55,5.76,2.19,38.96,0
1,41,5,161,123,30,0.005,1.06,1.06,0.0,3.49,1.04,7.17,4.66,389.12,1156.22,0
1,41,5,162,123,30,0.001,1.6,1.6,0.0,5.27,1.12,18.98,11.31,389.15,1156.31,2
1,41,5,163,123,30,0.003,1.36,1.36,0.0,4.47,1.09,6.3,1.0,2.19,38.96,0
1,41,5,164,123,30,0.005,1.74,1.74,0.0,5.72,1.12,5.79,4.63,2.19,38.96,0
1,41,5,178,123,35,0.002,2.4,2.4,0.0,137.24,0.86,12.3,7.5,172.85,201.07,0
1,41,5,179,123,35,0.0,3.4,3.4,0.0,194.28,2.36,15.46,7.08,158.76,188.13,0
1,41,5,180,123,35,0.0,2.32,2.32,0.0,132.27,0.52,11.88,5.61,172.5,200.75,0
1,41,5,183,123,37,0.011000000000000001,2.32,2.32,0.0,47.24,1.7,18.85,77.38,710.8,9832.47,0
1,41,5,184,123,37,0.0,2.4,2.4,0.0,48.81,1.7,19.01,42.7,435.74,6030.85,0
1,41,5,185,123,37,0.0,1.96,1.96,0.0,39.98,1.48,16.17,22.53,409.19,5663.79,0
1,41,5,193,100,41,0.0,2.6,2.6,0.0,1.2,2.34,8.46,5.84,2.19,1.4,0
1,41,5,194,136,41,0.0,2.45,2.45,0.0,1.13,2.24,8.76,6.13,2.19,1.4,0
1,41,5,195,123,41,0.0,1.67,1.67,0.0,0.72,1.62,8.69,3.54,2.19,1.4,0
1,41,5,198,123,44,0.015,3.5,3.5,0.0,7.62,1.79,6.71,3.29,2.19,4.26,0
1,41,5,199,123,44,0.002,2.44,2.44,0.0,3.78,1.9,7.84,11.75,101.89,227.99,0
1,41,5,200,123,44,0.002,2.44,2.44,0.0,3.77,1.71,7.1,9.81,101.78,227.75,0
1,41,5,202,123,45,0.001,5.76,5.76,0.0,86.89,1.95,19.34,5.43,899.29,31274.72,0
1,41,5,207,123,48,0.006999999999999999,3.35,3.35,0.0,54.65,1.26,7.75,4.77,6.55,353.3,0
1,41,5,209,136,49,0.002,1.72,1.72,0.0,0.73,1.23,5.7,0.69,2.19,8.84,0
1,41,5,210,136,49,0.004,1.31,1.31,0.0,1.88,1.05,4.75,2.96,2.19,8.84,0
1,41,5,211,136,49,0.002,2.81,2.81,0.0,1.77,1.41,5.17,4.05,2.19,8.84,0
1,41,5,212,136,49,0.002,1.69,1.69,0.0,1.06,1.16,5.07,1.65,2.19,8.84,0
1,41,5,213,136,49,0.002,1.75,1.75,0.0,1.1,1.38,5.46,1.71,2.19,8.84,0
1,41,5,214,131,50,0.0,1.77,1.77,0.0,2.63,1.27,6.88,0.95,2.19,1.8,0
1,41,5,215,135,50,0.0,1.34,1.34,0.0,11.42,0.92,7.07,15.11,2.19,1.8,0
1,41,5,216,135,50,0.0,1.53,1.53,0.0,12.99,1.02,9.04,19.75,2.19,1.8,0
1,41,5,217,135,50,0.0,1.7,1.7,0.0,14.41,1.02,7.57,19.25,2.19,1.8,0
1,41,5,218,135,50,0.0,1.72,1.72,0.0,14.64,1.07,10.77,23.09,2.19,1.8,0
1,41,5,219,135,50,0.0,2.5,2.5,0.0,21.26,1.18,17.82,34.09,2.19,1.8,2
1,41,5,220,135,50,0.0,2.36,2.36,0.0,20.07,1.15,17.74,33.07,2.19,1.8,2
1,41,5,221,136,50,0.0,1.58,1.58,0.0,13.79,1.12,7.94,22.67,2.19,1.8,0
1,41,5,222,136,50,0.0,1.93,1.93,0.0,16.88,1.17,8.07,27.17,2.19,1.8,0
1,41,5,223,136,50,0.0,1.68,1.68,0.0,14.71,1.13,8.17,19.07,2.19,1.8,0
1,41,5,224,136,50,0.0,1.9,1.9,0.0,16.63,1.13,7.96,23.54,2.19,1.8,0
1,41,5,225,136,50,0.0,1.97,1.97,0.0,17.22,1.2,8.08,31.4,2.19,1.8,0
1,41,5,226,136,50,0.0,2.02,2.02,0.0,17.72,1.23,9.52,26.21,2.19,1.8,0
1,41,5,227,136,50,0.0,2.34,2.34,0.0,20.48,1.27,10.07,31.53,2.19,1.8,0
1,41,5,228,136,50,0.0,2.39,2.39,0.0,20.9,1.34,10.06,39.47,2.19,1.8,0
1,41,5,229,136,50,0.0,2.69,2.69,0.0,23.57,1.33,23.29,41.95,2.19,1.8,2
1,41,5,230,136,50,0.0,2.87,2.87,0.0,25.16,1.38,23.2,47.65,2.19,1.8,2
1,41,5,231,100,50,0.0,1.83,1.83,0.0,16.05,1.23,9.17,14.35,2.19,1.8,0
1,41,5,232,100,50,0.0,1.93,1.93,0.0,16.88,1.26,9.28,16.22,2.19,1.8,0
1,41,5,233,100,50,0.0,2.22,2.22,0.0,19.39,1.34,11.24,19.23,2.19,1.8,0
1,41,5,234,100,50,0.0,2.38,2.38,0.0,20.81,1.44,21.31,26.75,2.19,1.8,0
1,41,5,235,100,50,0.0,2.96,2.96,0.0,25.91,1.3,19.6,24.36,2.19,1.8,2
1,41,5,236,100,50,0.0,2.93,2.93,0.0,25.66,1.32,19.69,27.65,2.19,1.8,2
1,41,5,239,123,54,0.013000000000000001,1.23,1.23,0.0,1.52,0.94,13.13,3.14,2.19,6.88,0
1,41,5,242,136,54,0.003,1.51,1.51,0.0,2.06,0.95,4.54,1.02,2.51,8.31,0
1,41,5,247,15,54,0.003,1.62,1.62,0.0,2.2,1.04,6.19,3.32,2.19,6.88,0
1,41,5,248,15,54,0.0,5.39,5.39,0.0,7.33,0.99,5.19,9.71,2.19,6.88,2
2,19,5,265,60,0,0.002,1.81,1.81,0.0,12.2,1.29,9.33,2.18,507.92,10446.72,0
2,19,5,266,60,1,0.001,3.42,3.42,0.0,38.16,1.07,14.38,5.64,0.0,0.0,0
2,19,5,268,60,4,0.002,2.75,2.75,0.0,4.48,0.89,9.57,4.74,0.0,0.0,0
2,19,5,270,60,6,0.023,1.32,1.32,0.0,14.26,1.45,20.63,7.68,0.0,0.0,0
2,19,5,271,60,6,0.035,1.19,1.19,0.0,32.19,1.35,25.48,8.12,0.0,0.0,0
2,19,5,286,106,10,0.015,0.87,0.87,0.0,3.55,0.88,11.1,5.07,828.88,79034.31,0
2,19,5,288,60,10,0.008,0.97,0.97,0.0,3.96,1.38,21.0,4.58,258.16,24615.47,0
2,19,5,289,60,10,0.006999999999999999,1.07,1.07,0.0,4.37,1.51,23.56,5.3,278.32,26538.55,0
2,19,5,292,60,10,0.021,4.58,4.58,0.0,7.55,1.04,9.28,18.17,0.0,0.0,0
2,19,5,293,60,10,0.021,4.35,4.35,0.0,7.16,0.89,13.53,18.67,0.0,0.0,0
2,19,5,294,60,10,0.026000000000000002,0.99,0.99,0.0,4.05,1.43,25.12,7.39,0.0,0.0,0
2,19,5,295,60,10,0.026000000000000002,0.97,0.97,0.0,3.95,1.27,20.17,5.86,0.0,0.0,0
2,19,5,296,60,10,0.013000000000000001,9.25,9.25,0.0,33.24,1.32,18.45,7.47,678.68,61472.75,0
2,19,5,297,60,10,0.013000000000000001,18.26,18.26,0.0,65.65,1.34,23.16,7.98,0.0,0.0,0
2,19,5,299,106,10,0.004,0.96,0.96,0.0,3.94,1.41,20.23,6.46,237.06,22604.18,0
2,19,5,300,106,10,0.004,0.81,0.81,0.0,3.3,1.27,19.03,6.04,220.72,21045.89,0
2,19,5,301,106,10,0.004,0.97,0.97,0.0,3.99,1.06,16.2,5.05,181.95,17349.09,0
2,19,5,302,106,10,0.004,0.49,0.49,0.0,2.02,1.23,18.51,5.86,213.53,20360.66,0
2,19,5,306,60,14,0.0,3.89,3.89,0.0,92.77,0.9,6.93,1.69,637.89,31817.28,0
2,19,5,312,60,19,0.001,1.29,1.29,0.0,2.11,0.79,8.15,5.01,221.83,912.79,0
2,19,5,313,60,19,0.001,1.38,1.38,0.0,2.27,0.77,8.33,3.2,238.96,983.25,0
2,19,5,314,60,19,0.002,1.83,1.83,0.0,6.59,0.98,11.26,5.17,98.12,813.29,0
2,19,5,315,60,19,0.01,1.81,1.81,0.0,2.97,1.13,6.81,6.91,115.63,794.4,0
2,19,5,316,60,19,0.005,1.85,1.85,0.0,2.64,1.16,6.52,6.81,196.21,2069.33,0
2,19,5,317,60,19,0.005,1.69,1.69,0.0,2.76,1.06,6.02,6.64,122.08,1384.74,0
2,19,5,318,60,19,0.003,2.29,2.29,0.0,3.76,0.95,6.99,4.77,55.56,660.31,0
2,19,5,319,60,19,0.001,1.61,1.61,0.0,2.64,1.01,5.79,4.4,143.87,722.89,0
2,19,5,320,60,19,0.002,2.68,2.68,0.0,4.39,0.95,9.29,5.54,0.0,0.0,0
2,19,5,321,60,19,0.008,1.75,1.75,0.0,6.31,0.97,5.02,3.61,0.0,0.0,0
2,19,5,322,60,19,0.002,2.28,2.28,0.0,3.73,0.85,7.18,4.2,0.0,0.0,0
2,19,5,329,60,27,0.003,3.26,3.26,0.0,45.98,5.14,21.08,6.67,7190.95,461216.16,0
2,19,5,330,60,30,0.0,1.17,1.17,0.0,17.81,0.96,4.34,6.73,175.92,845.23,0
2,19,5,331,60,30,0.002,1.43,1.43,0.0,4.71,1.06,12.37,5.05,557.73,1610.47,0
2,19,5,332,60,30,0.002,1.03,1.03,0.0,3.38,0.95,9.71,4.29,400.38,1156.11,0
2,19,5,333,60,30,0.002,0.77,0.77,0.0,2.53,0.89,8.0,2.87,375.35,1083.85,0
2,19,5,334,60,30,0.002,0.66,0.66,0.0,2.18,0.87,4.78,0.78,386.6,1116.32,0
2,19,5,335,60,30,0.002,0.71,0.71,0.0,2.32,0.87,4.97,0.78,413.14,1192.97,0
2,19,5,341,60,35,0.015,4.61,4.61,0.0,282.14,0.94,15.23,12.36,240.35,220.71,0
2,19,5,342,60,35,0.0,3.42,3.42,0.0,209.18,0.79,11.56,6.57,269.76,247.72,0
2,19,5,352,60,45,0.0,2.53,2.53,0.0,41.4,0.74,7.7,2.14,1473.56,110208.11,0
2,19,5,353,60,45,0.0,1.39,1.39,0.0,21.0,0.87,9.35,2.08,862.03,9184.69,0
2,19,5,354,60,45,0.0,1.54,1.54,0.0,30.01,0.72,7.9,1.89,1177.31,60077.42,0
2,19,5,355,60,45,0.0,2.05,2.05,0.0,26.79,0.87,6.82,1.75,1841.95,19625.4,0
2,19,5,356,60,45,0.0,2.05,2.05,0.0,26.79,0.45,6.43,1.68,1473.56,15700.32,0
2,19,5,369,60,50,0.0,1.7,1.7,0.0,14.21,1.17,10.88,18.41,0.0,0.0,0
2,19,5,370,60,50,0.0,1.93,1.93,0.0,16.13,1.2,11.02,18.42,0.0,0.0,0
2,19,5,371,60,50,0.0,2.01,2.01,0.0,16.84,1.13,17.62,20.81,0.0,0.0,2
2,19,5,372,60,50,0.0,1.59,1.59,0.0,13.31,1.17,10.18,17.42,0.0,0.0,0
2,19,5,373,60,50,0.0,1.89,1.89,0.0,15.83,1.13,16.6,19.65,0.0,0.0,2
2,19,5,375,60,51,0.006,4.02,4.02,0.0,64.01,0.57,5.37,1.99,0.0,0.0,0
2,19,5,379,60,54,0.002,2.1,2.1,0.0,2.83,0.83,4.55,3.6,0.0,0.0,0
2,19,5,380,60,54,0.0,5.74,5.74,0.0,7.74,0.81,4.16,8.0,0.0,0.0,2
2,19,5,391,60,55,0.006999999999999999,1.73,1.73,0.0,2.74,0.66,7.81,2.12,203.6,13005.74,0
2,19,5,392,60,55,0.002,2.05,2.05,0.0,3.25,0.47,8.53,2.38,239.0,15267.38,0
2,19,5,394,60,55,0.061,1.04,1.04,0.0,1.57,0.69,7.84,3.48,315.8,354.63,0
2,19,5,396,60,55,0.01,2.07,2.07,0.0,7.43,1.15,9.43,4.27,6.85,250.08,0
2,19,5,397,60,55,0.16,1.36,1.36,0.0,1.96,0.7,7.37,1.37,0.0,0.0,0
2,19,5,398,60,55,0.16,1.48,1.48,0.0,2.14,0.87,10.57,2.32,0.0,0.0,0
2,19,5,399,60,55,0.026000000000000002,2.09,2.09,0.0,4.74,0.92,10.45,2.44,0.0,0.0,0
2,19,5,400,60,55,0.049,2.42,2.42,0.0,4.33,0.98,10.92,2.44,0.0,0.0,0
2,19,5,401,60,55,0.049,1.49,1.49,0.0,2.15,0.9,6.07,1.13,0.0,0.0,0
2,19,5,402,60,55,0.033,3.14,3.14,0.0,4.52,1.49,12.11,3.03,0.0,0.0,0
2,19,5,403,60,55,0.061,1.36,1.36,0.0,2.06,0.84,7.96,1.61,667.94,42667.68,0
2,19,5,404,60,55,0.061,2.24,2.24,0.0,3.22,0.84,8.2,1.49,174.92,1485.88,0
2,19,5,405,60,55,0.01,1.75,1.75,0.0,6.28,0.92,4.58,3.88,371.26,13546.37,0
3,2,0,415,8,1,0.036000000000000004,1.13,1.13,0.0,31.96,1.53,6.48,2.06,8.93,226.05,0
3,2,0,416,12,55,0.013000000000000001,1.67,1.67,0.0,5.99,2.64,38.36,4.82,44.67,1620.87,0
3,2,0,417,13,55,0.013000000000000001,2.37,2.37,0.0,8.48,1.37,17.61,12.37,66.13,2391.44,0
3,2,0,418,11,55,0.013000000000000001,1.48,1.48,0.0,5.32,0.61,7.55,3.41,39.4,1413.33,0
3,2,0,419,9,55,0.013000000000000001,0.88,0.88,0.0,3.16,0.78,11.21,2.56,26.7,914.87,0
3,2,0,420,10,55,0.013000000000000001,0.97,0.97,0.0,3.49,0.44,4.82,2.2,26.4,943.45,0
3,2,0,423,6,1,0.05,1.52,1.52,0.0,3.9,0.98,5.32,1.05,6.96,177.16,0
3,2,0,425,6,1,0.001,1.22,1.22,0.0,10.56,1.02,5.34,1.2,6.96,177.16,0
3,2,0,427,6,4,0.002,0.55,0.55,0.0,0.9,1.04,5.44,1.45,6.96,8.1,0
3,2,0,433,130,14,0.001,1.35,1.35,0.0,32.09,1.1,5.87,1.23,173.77,8744.19,0
3,2,0,435,96,16,0.028999999999999998,0.39,0.39,0.0,0.59,1.12,5.92,1.86,6.96,33.61,0
3,2,0,441,6,16,0.028999999999999998,0.28,0.28,0.0,0.41,1.06,5.33,1.55,6.96,33.61,0
3,2,0,443,107,19,0.018000000000000002,0.22,0.22,0.0,0.35,1.03,5.6,1.46,25.47,92.27,0
3,2,0,444,107,19,0.018000000000000002,0.23,0.23,0.0,0.38,1.03,5.56,1.47,27.18,99.31,0
3,2,0,445,107,19,0.004,0.34,0.34,0.0,0.48,1.04,5.7,2.83,6.96,16.1,0
3,2,0,446,107,19,0.004,0.3,0.3,0.0,0.42,1.05,5.77,2.87,6.96,16.1,0
3,2,0,447,107,19,0.004,0.3,0.3,0.0,0.43,1.04,5.76,3.3,6.96,16.1,0
3,2,0,448,107,19,0.009000000000000001,0.32,0.32,0.0,0.45,1.05,5.79,2.19,6.96,16.1,0
3,2,0,449,132,19,0.004,0.24,0.24,0.0,0.34,1.03,5.69,2.75,6.96,16.1,0
3,2,0,450,132,19,0.004,0.21,0.21,0.0,0.31,1.03,5.71,2.6,6.96,16.1,0
3,2,0,451,96,19,0.038,0.31,0.31,0.0,1.11,1.05,5.68,1.69,6.96,16.1,0
3,2,0,452,6,19,0.038,0.27,0.27,0.0,0.97,1.04,5.74,1.56,7.81,23.19,0
3,2,0,453,6,19,0.009000000000000001,0.27,0.27,0.0,0.38,1.07,5.95,2.64,7.25,16.49,0
3,2,0,454,6,19,0.011000000000000001,0.42,0.42,0.0,0.69,1.05,5.77,1.56,6.96,16.1,0
3,2,0,456,130,20,0.092,0.22,0.22,0.0,0.36,1.03,5.68,2.38,9.42,12.61,0
3,2,0,457,6,20,0.018000000000000002,0.23,0.23,0.0,0.34,1.08,5.41,1.62,7.19,9.2,0
3,2,0,460,6,27,0.016,0.79,0.79,0.0,2.3,1.15,6.05,1.25,197.3,12091.46,0
3,2,0,461,6,27,0.016,3.76,3.76,0.0,10.95,1.05,5.52,1.08,6.69,274.36,0
3,2,0,462,6,27,0.016,0.29,0.29,0.0,4.06,1.02,6.06,1.53,231.25,12812.94,0
3,2,0,463,6,27,0.016,0.39,0.39,0.0,6.19,1.03,7.06,1.95,172.76,15756.05,0
3,2,0,467,6,41,0.005,0.49,0.49,0.0,0.23,1.29,5.83,1.9,6.96,4.42,0
3,2,0,468,6,41,0.005,0.34,0.34,0.0,0.15,1.18,5.9,1.58,6.96,4.42,0
3,2,0,475,6,48,0.076,0.38,0.38,0.0,6.26,0.99,5.1,1.04,102.76,9772.96,0
3,2,0,476,6,48,0.11,0.77,0.77,0.0,12.51,1.13,5.71,4.28,7.52,256.0,0
3,2,0,477,6,49,0.011000000000000001,0.39,0.39,0.0,0.25,1.09,5.21,1.69,6.96,28.01,0
3,2,0,478,6,49,0.004,0.64,0.64,0.0,0.4,1.15,5.27,1.86,6.96,28.01,0
3,2,0,479,6,49,0.022000000000000002,0.4,0.4,0.0,0.25,1.1,5.26,1.33,6.96,28.01,0
3,2,0,481,130,50,0.001,0.23,0.23,0.0,1.91,1.02,5.59,2.34,7.85,7.3,0
3,2,0,482,130,50,0.001,0.31,0.31,0.0,2.55,1.03,5.72,2.91,7.85,7.3,0
3,2,0,483,130,50,0.001,0.25,0.25,0.0,2.13,1.05,5.71,4.49,6.96,5.71,0
3,2,0,484,130,50,0.0,0.27,0.27,0.0,2.24,1.06,6.0,4.72,6.96,5.71,0
3,2,0,485,130,50,0.001,0.32,0.32,0.0,2.69,1.07,5.78,5.7,6.96,5.71,0
3,2,0,486,130,50,0.001,0.33,0.33,0.0,2.8,1.08,6.4,5.98,6.96,5.71,0
3,2,0,487,130,50,0.0,0.43,0.43,0.0,3.58,1.08,7.67,7.36,6.96,5.71,2
3,2,0,488,130,50,0.0,0.42,0.42,0.0,3.51,1.08,7.77,7.38,6.96,5.71,2
3,2,0,489,105,50,0.0,0.27,0.27,0.0,2.25,1.06,5.64,3.68,6.96,5.71,0
3,2,0,490,105,50,0.0,0.28,0.28,0.0,2.37,1.07,5.68,3.86,6.96,5.71,0
3,2,0,491,105,50,0.0,0.37,0.37,0.0,3.07,1.08,5.75,4.48,6.96,5.71,0
3,2,0,492,105,50,0.0,0.34,0.34,0.0,2.84,1.09,6.03,4.63,6.96,5.71,0
3,2,0,493,105,50,0.0,0.35,0.35,0.0,2.96,1.1,7.11,5.05,6.96,5.71,0
3,2,0,494,105,50,0.0,0.4,0.4,0.0,3.35,1.11,6.63,4.93,6.96,5.71,0
3,2,0,495,105,50,0.0,0.45,0.45,0.0,3.78,1.08,7.0,4.79,6.96,5.71,2
3,2,0,496,105,50,0.0,0.44,0.44,0.0,3.71,1.08,7.02,4.79,6.96,5.71,2
3,2,0,497,105,50,0.0,0.45,0.45,0.0,3.75,1.08,6.93,4.47,6.96,5.71,2
3,2,0,501,130,54,0.024,0.32,0.32,0.0,0.42,1.04,5.36,1.38,6.96,21.8,0
3,2,0,502,130,54,0.001,0.79,0.79,0.0,1.06,1.04,5.24,1.89,6.96,21.8,2
3,2,0,503,96,54,0.066,0.36,0.36,0.0,0.48,1.03,5.57,1.4,6.96,21.8,0
3,2,0,504,96,54,0.001,0.94,0.94,0.0,1.27,1.05,5.37,2.2,6.96,21.8,2
4,22,5,510,65,8,0.48,3.0,3.0,0.0,2.04,0.88,7.93,9.83,2.16,20.88,0
4,22,5,511,65,18,0.084,2.65,2.65,0.0,1.15,1.09,8.45,25.38,1.9,3.27,0
4,22,5,515,65,41,0.015,3.64,3.64,0.0,1.67,2.78,9.06,7.4,0.0,0.0,0
4,22,5,516,65,41,0.015,2.82,2.82,0.0,1.2,2.03,9.33,5.24,0.0,0.0,0
4,22,5,517,65,45,0.01,9.58,9.58,0.0,151.23,1.81,16.82,5.85,1278.08,44509.01,0
4,22,5,518,65,49,0.016,3.08,3.08,0.0,4.39,1.35,4.77,6.8,0.0,0.0,0
4,22,5,519,65,49,0.051,5.45,5.45,0.0,3.41,1.87,5.12,7.99,0.0,0.0,0
4,22,5,520,65,49,0.047,3.33,3.33,0.0,2.08,1.41,5.01,3.4,0.0,0.0,0
4,22,5,524,65,55,0.075,7.21,7.21,0.0,49.83,4.26,18.28,11.12,1791.1,105303.87,0
5,34,5,530,88,10,0.006999999999999999,1.46,1.46,0.0,6.82,5.04,71.86,26.44,998.37,169.78,0
5,34,5,531,88,10,0.027999999999999997,2.24,2.24,0.0,21.78,6.23,18.05,22.86,2200.64,841.26,0
5,34,5,532,88,10,0.040999999999999995,5.78,5.78,0.0,9.5,5.0,32.19,14.7,2453.03,4416.29,0
5,34,5,533,88,10,0.006999999999999999,1.66,1.66,0.0,7.75,3.73,19.12,11.12,1572.34,55648.04,0
5,34,5,534,88,10,0.027999999999999997,2.34,2.34,0.0,8.23,4.25,17.89,11.15,1659.64,8267.16,0
5,34,5,535,88,10,0.019,2.83,2.83,0.0,27.52,6.43,31.01,35.3,2733.39,3792.79,0
5,34,5,537,88,10,0.006,1.49,1.49,0.0,14.48,3.9,12.94,5.87,1644.48,671.97,0
5,34,5,538,88,10,0.006,1.45,1.45,0.0,14.04,5.71,12.81,7.47,1594.5,651.54,0
5,34,5,539,88,10,0.006,1.41,1.41,0.0,13.67,4.44,12.37,10.59,1552.26,634.28,0
5,34,5,541,88,10,0.006999999999999999,1.32,1.32,0.0,6.18,2.56,26.35,6.7,1879.09,32929.54,0
5,34,5,542,88,10,0.006999999999999999,1.33,1.33,0.0,6.24,2.49,26.96,7.01,1879.09,32929.54,0
5,34,5,543,88,10,0.016,1.85,1.85,0.0,8.64,3.51,29.83,34.68,1879.09,319.56,0
5,34,5,544,88,10,0.016,1.53,1.53,0.0,7.13,2.77,22.91,31.67,1879.09,319.56,0
5,34,5,545,88,10,0.004,2.73,2.73,0.0,12.77,2.6,21.12,36.7,1879.09,319.56,0
5,34,5,546,88,25,0.049,2.4,2.4,0.0,35.78,8.44,23.86,6.52,3032.1,5927.58,0
5,34,5,549,88,25,0.09699999999999999,1.1,1.1,0.0,13.36,1.14,17.08,8.05,2738.64,37851.22,0
5,34,5,550,88,25,0.11,1.13,1.13,0.0,13.32,1.47,10.09,9.27,303.9,1163.51,0
5,34,5,551,88,25,0.0,1.88,1.88,0.0,3.5,1.44,14.68,5.41,2991.49,165977.68,0
5,34,5,552,88,25,0.076,1.65,1.65,0.0,3.06,1.78,13.39,5.06,2990.22,165907.42,0
5,34,5,553,88,25,0.021,1.58,1.58,0.0,2.93,2.11,17.6,4.79,10089.24,832397.39,0
5,34,5,554,88,25,0.001,1.51,1.51,0.0,2.8,1.97,16.86,4.22,9857.22,813254.26,0
5,34,5,555,88,25,0.001,1.74,1.74,0.0,3.23,1.73,18.87,4.83,8882.9,732870.24,0
5,34,5,556,88,25,0.001,1.56,1.56,0.0,2.91,1.74,16.98,4.24,9609.66,792830.26,0
5,34,5,557,88,25,0.001,1.63,1.63,0.0,3.03,1.83,17.55,4.39,9482.97,782377.73,0
5,34,5,558,88,27,0.004,2.57,2.57,0.0,39.12,3.12,26.47,8.94,4058.85,378380.11,0
5,34,5,559,88,27,0.002,4.89,4.89,0.0,74.41,3.41,20.99,3.17,3855.97,349615.4,0
5,34,5,560,88,27,0.003,6.21,6.21,0.0,94.34,4.85,28.57,4.13,7250.25,657369.47,0
5,34,5,561,58,30,0.001,2.62,2.62,0.0,8.6,1.66,15.82,8.19,7963.05,22993.63,0
5,34,5,562,58,30,0.001,2.16,2.16,0.0,7.1,1.13,8.56,7.52,6577.48,18992.74,0
5,34,5,563,88,30,0.001,2.82,2.82,0.0,9.25,4.43,10.32,8.35,5757.14,16623.98,0
5,34,5,564,88,30,0.0,3.86,3.86,0.0,12.67,5.04,12.15,7.52,5814.71,16790.22,2
5,34,5,565,88,31,0.002,7.1,7.1,0.0,14.3,3.58,9.01,3.65,1442.72,601.93,0
5,34,5,566,88,31,0.002,7.03,7.03,0.0,14.15,2.82,8.7,3.2,1442.72,601.93,0
5,34,5,567,88,31,0.002,6.85,6.85,0.0,13.8,3.52,8.79,3.53,1442.72,601.93,0
5,34,5,570,88,31,0.004,3.93,3.93,0.0,7.92,3.56,16.93,10.06,1554.83,575.15,0
5,34,5,571,88,31,0.0,3.86,3.86,0.0,7.77,3.28,27.23,10.45,1553.49,574.65,0
5,34,5,572,88,31,0.0,5.06,5.06,0.0,10.2,4.17,32.38,13.67,1552.67,574.35,2
5,34,5,582,51,51,0.081,3.14,3.14,0.0,78.84,9.33,61.72,138.45,7.73,60.15,0
5,34,5,583,51,51,0.028999999999999998,6.08,6.08,0.0,102.76,3.69,9.86,3.33,0.0,0.0,0
5,34,5,584,51,51,0.027999999999999997,6.8,6.8,0.0,115.0,3.72,9.0,3.35,0.0,0.0,0
5,34,5,585,51,51,0.057,7.46,7.46,0.0,126.05,7.67,71.7,137.75,0.25,1.58,0
5,34,5,586,51,51,0.015,6.75,6.75,0.0,114.04,13.53,71.7,137.75,657.0,4241.69,0
5,34,5,587,51,51,0.008,8.09,8.09,0.0,136.82,14.39,88.87,172.1,6475.77,41808.19,0
5,34,5,588,88,55,0.01,2.16,2.16,0.0,38.43,2.63,5.86,2.09,2711.87,192406.59,0
5,34,5,589,88,56,0.11,1.0,1.0,0.0,29.4,4.2,11.21,3.45,707.58,4568.21,0
6,31,5,591,81,1,0.003,0.31,0.31,0.0,3.06,0.46,4.0,1.84,163.5,340.71,0
6,31,5,592,81,1,0.001,0.44,0.44,0.0,1.91,0.38,3.37,1.02,228.94,20015.1,0
6,31,5,593,81,1,0.001,0.55,0.55,0.0,6.7,0.49,4.03,1.11,149.15,917.6,0
6,31,5,613,81,9,0.0,0.3,0.3,0.0,2.1,0.24,2.55,2.12,39.53,27.47,0
6,31,5,614,81,9,0.0,0.49,0.49,0.0,3.4,0.27,2.67,2.96,64.12,44.56,0
6,31,5,615,81,10,0.13,1.17,1.17,0.0,8.88,0.52,3.54,4.46,1.68,76.72,0
6,31,5,618,110,10,0.083,0.71,0.71,0.0,3.32,0.1,2.47,0.65,93.9,8953.45,0
6,31,5,619,110,10,0.083,0.71,0.71,0.0,3.32,0.1,2.47,0.63,91.14,8690.09,0
6,31,5,620,81,14,0.0,1.12,1.12,0.0,30.3,0.43,4.51,1.0,291.28,14528.53,0
6,31,5,627,81,19,0.011000000000000001,0.47,0.47,0.0,2.18,0.33,3.57,1.14,22.34,185.19,0
6,31,5,628,81,19,0.011000000000000001,0.55,0.55,0.0,2.56,0.35,3.73,1.31,28.19,233.69,0
6,31,5,629,81,19,0.011000000000000001,0.34,0.34,0.0,1.58,0.34,2.85,0.96,0.0,0.0,0
6,31,5,630,81,20,0.018000000000000002,0.43,0.43,0.0,0.83,0.45,4.01,3.67,5.18,8.35,0
6,31,5,631,81,20,0.018000000000000002,0.35,0.35,0.0,0.6,0.42,2.86,0.81,0.0,0.0,0
6,31,5,632,81,20,0.001,0.63,0.63,0.0,1.09,0.23,4.3,1.55,0.0,0.0,2
6,31,5,633,81,25,0.18,0.44,0.44,0.0,8.52,0.58,4.28,6.16,2.62,78.32,0
6,31,5,634,81,27,0.001,0.61,0.61,0.0,6.1,0.55,8.35,2.65,364.45,27992.83,0
6,31,5,635,81,27,0.0,1.22,1.22,0.0,4.28,0.66,10.93,3.48,638.87,40554.0,0
6,31,5,636,81,27,0.0,1.07,1.07,0.0,3.73,0.51,8.44,2.64,460.28,29217.44,0
6,31,5,637,81,27,0.0,0.82,0.82,0.0,2.88,0.44,7.09,2.11,238.53,15140.96,0
6,31,5,638,81,27,0.0,1.35,1.35,0.0,4.72,0.55,9.71,3.04,405.54,25742.84,0
6,31,5,639,81,27,0.0,1.07,1.07,0.0,3.75,0.44,7.5,2.25,328.35,20842.52,0
6,31,5,640,81,27,0.0,0.91,0.91,0.0,3.21,0.4,6.57,1.91,273.23,17344.15,0
6,31,5,641,81,29,0.001,0.39,0.39,0.0,8.58,0.56,8.71,2.41,131.25,10968.47,0
6,31,5,642,81,29,0.001,0.53,0.53,0.0,11.79,0.61,9.06,4.05,121.78,10174.72,0
6,31,5,644,81,31,0.004,0.42,0.42,0.0,1.16,0.34,3.14,2.25,0.0,0.0,0
6,31,5,645,110,31,0.003,1.21,1.21,0.0,9.17,0.76,9.88,1.37,0.0,0.0,0
6,31,5,647,81,38,0.008,0.4,0.4,0.0,0.74,0.6,4.73,4.18,12.34,18.62,0
6,31,5,652,81,48,0.008,0.47,0.47,0.0,1.26,0.33,3.62,2.19,120.91,10881.05,0
6,31,5,656,81,44,0.076,1.19,1.19,0.0,2.98,0.7,5.21,2.04,0.0,0.0,0
6,31,5,659,81,46,0.13,1.66,1.66,0.0,1.06,0.38,3.51,4.45,0.96,19.1,0
6,31,5,660,81,49,0.0,1.38,1.38,0.0,1.5,0.44,2.06,2.56,0.0,0.0,2
6,31,5,662,81,50,0.001,0.42,0.42,0.0,4.06,0.32,3.09,2.81,1.28,2.27,0
6,31,5,663,81,50,0.0,0.68,0.68,0.0,6.53,0.39,5.96,12.06,0.0,0.0,0
6,31,5,664,81,50,0.001,0.42,0.42,0.0,4.08,0.39,4.6,4.95,0.0,0.0,0
6,31,5,665,81,50,0.0,0.51,0.51,0.0,4.92,0.42,5.35,6.88,0.0,0.0,0
6,31,5,666,81,50,0.0,0.72,0.72,0.0,6.95,0.42,5.44,8.14,0.0,0.0,2
6,31,5,667,81,50,0.0,0.66,0.66,0.0,6.41,0.41,5.56,7.99,0.0,0.0,2
6,31,5,668,81,53,0.18,1.16,1.16,0.0,3.07,0.46,3.45,4.89,0.89,26.5,0
6,31,5,670,81,54,0.006999999999999999,0.34,0.34,0.0,0.52,0.42,2.49,0.94,42.58,196.19,0
6,31,5,671,81,54,0.006999999999999999,0.28,0.28,0.0,0.42,0.35,2.32,0.73,21.32,96.64,0
6,31,5,672,81,54,0.006999999999999999,0.58,0.58,0.0,0.86,0.32,2.37,2.58,31.44,143.27,0
6,31,5,673,81,54,0.0,0.69,0.69,0.0,1.03,0.37,2.72,1.78,5.95,27.42,2
6,31,5,674,81,54,0.0,1.36,1.36,0.0,2.02,0.38,2.65,3.09,42.35,195.17,2
6,31,5,675,81,54,0.0,0.72,0.72,0.0,1.06,0.31,2.45,1.54,5.13,23.65,2
7,9,5,723,23,51,0.5,0.97,0.97,0.0,27.01,0.33,2.8,0.49,0.0,0.0,0
7,9,5,724,23,51,0.5,0.9,0.9,0.0,16.85,0.3,3.06,0.83,0.0,0.0,0
8,8,7,733,102,0,0.009000000000000001,1.7,1.7,0.0,67.98,2.38,21.74,9.19,8.14,39.96,0
8,8,7,734,102,0,0.021,1.5,1.5,0.0,60.09,2.36,21.59,9.08,8.14,39.96,0
8,8,7,735,102,0,0.021,1.26,1.26,0.0,50.43,2.3,21.33,9.1,8.14,39.96,0
8,8,7,736,102,1,0.021,1.98,1.98,0.0,21.49,1.04,5.74,3.86,322.99,10489.29,0
8,8,7,737,102,1,0.021,1.84,1.84,0.0,19.95,0.85,5.12,3.23,300.09,9745.66,0
8,8,7,738,102,1,0.021,1.81,1.81,0.0,19.63,0.88,5.16,3.17,296.06,9614.69,0
8,8,7,743,102,6,0.17,1.53,1.53,0.0,107.92,0.55,7.88,4.03,8.14,15.3,0
8,8,7,746,102,25,0.16,2.66,2.66,0.0,37.1,1.12,30.49,26.2,2519.72,34890.79,0
8,8,7,747,102,25,0.14,1.25,1.25,0.0,10.84,0.94,24.2,41.67,3567.12,13739.61,0
8,8,7,749,102,31,0.001,2.39,2.39,0.0,425.32,3.07,34.9,10.2,8.98,8.52,0
8,8,7,752,102,34,0.005,3.37,3.37,0.0,0.0,0.78,5.46,2.48,680.83,528.93,0
8,8,7,753,102,35,0.009000000000000001,1.45,1.45,0.0,191.62,2.45,18.18,133.73,820.55,1453.7,0
8,8,7,754,102,35,0.013000000000000001,1.3,1.3,0.0,172.71,2.08,16.74,13.81,623.96,1141.63,0
8,8,7,755,102,35,0.025,1.65,1.65,0.0,209.02,2.56,16.11,8.98,994.22,6530.32,0
8,8,7,756,102,35,0.026000000000000002,1.65,1.65,0.0,97.95,2.43,16.33,7.27,1174.22,4572.65,0
8,8,7,760,102,47,0.008,0.79,0.79,0.0,14.5,1.9,19.03,25.47,767.87,1291.92,0
8,8,7,774,104,6,0.14,2.12,2.12,0.0,136.76,5.19,18.49,8.92,8.14,15.3,0
8,8,7,776,104,25,0.16,2.72,2.72,0.0,37.98,1.9,21.5,15.11,1073.31,14899.65,0
8,8,7,780,104,31,0.001,2.08,2.08,0.0,370.56,2.23,18.71,8.76,8.98,8.52,0
8,8,7,781,104,31,0.001,2.15,2.15,0.0,382.25,2.37,19.61,9.05,8.98,8.52,0
8,8,7,782,104,31,0.0,1.55,1.55,0.0,275.63,2.08,17.07,7.91,8.98,8.52,0
9,3,7,787,102,20,0.076,1.26,1.26,0.0,1.96,1.61,9.89,3.69,12.1,15.02,0
9,3,7,788,102,20,0.076,1.46,1.46,0.0,2.27,1.66,12.32,4.81,12.1,15.02,0
9,3,7,789,102,20,0.076,1.37,1.37,0.0,2.12,1.6,14.98,4.76,12.1,15.02,0
9,3,7,793,102,49,0.09,1.36,1.36,0.0,2.12,1.61,4.41,2.11,12.1,48.7,0
9,3,7,795,103,19,0.25,1.31,1.31,0.0,5.2,1.54,11.13,3.0,23.13,119.49,0
9,3,7,796,103,19,0.25,1.77,1.77,0.0,7.04,2.13,11.65,4.76,12.1,28.0,0
9,3,7,797,103,27,0.071,1.28,1.28,0.0,11.58,1.97,20.56,16.58,1703.43,78703.27,0
9,3,7,798,103,27,0.071,1.35,1.35,0.0,20.84,2.71,17.35,5.04,1900.06,87128.55,0
9,3,7,801,103,31,0.001,4.5,4.5,0.0,32.62,3.46,68.59,8.43,12.36,11.72,0
9,3,7,804,103,50,0.019,1.18,1.18,0.0,10.96,1.77,13.56,6.48,12.1,9.93,0
9,3,7,807,103,54,0.006,1.55,1.55,0.0,2.31,1.72,8.68,2.21,92.55,408.63,0
10,26,4,822,28,1,0.028999999999999998,15.68,15.68,0.0,161.93,0.67,5.75,1.31,0.0,0.0,0
10,26,4,824,28,1,0.002,10.18,10.18,0.0,83.34,0.87,5.91,3.23,0.0,0.0,0
10,26,4,826,59,4,0.0,10.46,10.46,0.0,16.18,1.19,5.41,10.34,0.0,0.0,0
10,26,4,833,42,19,0.003,4.79,4.79,0.0,7.3,2.03,5.75,8.01,0.0,0.0,2
10,26,4,834,42,19,0.006,2.38,2.38,0.0,7.95,1.3,5.01,5.61,0.0,0.0,0
10,26,4,835,97,19,0.006,2.38,2.38,0.0,7.95,1.3,4.99,5.6,0.0,0.0,0
10,26,4,836,42,19,0.006,2.97,2.97,0.0,9.93,0.86,4.18,9.85,23.81,197.35,0
10,26,4,840,89,22,0.002,4.26,4.26,0.0,60.58,1.13,18.41,3.15,2245.6,108302.01,0
10,26,4,841,89,22,0.002,4.42,4.42,0.0,62.83,0.99,6.79,1.12,2327.02,112228.63,0
10,26,4,842,89,22,0.002,3.82,3.82,0.0,54.2,1.17,22.0,3.61,2515.6,121323.35,2
10,26,4,843,89,22,0.002,10.38,10.38,0.0,147.51,1.5,21.77,3.71,2734.46,131879.02,0
10,26,4,844,89,22,0.002,4.87,4.87,0.0,69.24,1.0,6.24,0.84,2567.05,123804.8,0
10,26,4,845,89,22,0.002,7.86,7.86,0.0,111.6,1.53,33.77,5.36,2858.47,137859.87,2
10,26,4,846,89,22,0.002,4.12,4.12,0.0,58.49,0.93,4.65,0.78,2163.27,104331.24,0
10,26,4,850,56,27,0.17,41.72,41.72,0.0,653.67,3.93,33.13,48.94,0.0,0.0,0
10,26,4,857,43,50,0.0,2.75,2.75,0.0,21.77,1.55,6.39,9.31,0.0,0.0,0
10,26,4,858,43,50,0.0,3.15,3.15,0.0,24.94,1.81,16.09,21.78,0.0,0.0,2
10,26,4,861,43,54,0.008,3.72,3.72,0.0,4.65,1.08,5.7,6.95,0.0,0.0,0
10,26,4,862,43,54,0.0,4.11,4.11,0.0,5.14,1.16,5.01,6.62,0.0,0.0,2
11,29,4,867,78,4,0.003,9.54,9.54,0.0,14.76,0.92,3.92,8.93,0.0,0.0,0
11,29,4,872,98,19,0.02,2.11,2.11,0.0,3.23,0.54,3.77,2.63,188.0,773.57,0
11,29,4,873,98,19,0.02,2.24,2.24,0.0,3.42,0.56,3.92,2.78,199.7,821.71,0
11,29,4,874,98,19,0.009000000000000001,2.03,2.03,0.0,2.71,0.49,4.0,4.31,0.0,0.0,0
11,29,4,875,98,19,0.009000000000000001,2.84,2.84,0.0,3.79,0.53,4.06,12.82,0.0,0.0,0
11,29,4,876,98,19,0.003,2.5,2.5,0.0,3.34,0.55,3.9,3.74,0.0,0.0,0
11,29,4,877,133,19,0.02,2.28,2.28,0.0,3.48,0.45,3.47,8.18,111.61,459.25,0
11,29,4,878,133,19,0.02,2.46,2.46,0.0,3.77,0.47,3.62,8.99,120.99,497.86,0
11,29,4,879,133,19,0.009000000000000001,2.86,2.86,0.0,3.82,0.55,4.09,15.7,0.0,0.0,0
11,29,4,880,78,19,0.051,3.51,3.51,0.0,11.78,0.58,4.35,6.71,18.84,156.13,0
11,29,4,881,78,19,0.051,2.95,2.95,0.0,9.89,0.54,4.07,5.62,23.5,194.79,0
11,29,4,882,78,19,0.034,3.27,3.27,0.0,5.0,0.66,3.26,8.44,0.0,0.0,0
11,29,4,883,78,19,0.034,1.81,1.81,0.0,2.78,0.52,3.11,4.27,0.0,0.0,0
11,29,4,884,78,19,0.003,2.81,2.81,0.0,3.75,1.03,3.84,14.44,1.83,2.44,0
11,29,4,885,78,19,0.051,3.03,3.03,0.0,10.17,0.63,3.24,9.46,24.2,200.57,0
11,29,4,886,78,19,0.051,2.48,2.48,0.0,8.33,0.99,3.85,7.61,0.0,0.0,0
11,29,4,888,78,20,0.015,2.83,2.83,0.0,3.98,1.22,4.18,6.57,1.88,4.56,0
11,29,4,892,78,45,0.087,14.71,14.71,0.0,228.25,1.7,5.68,1.8,4050.65,302949.74,0
11,29,4,893,78,48,0.27,10.68,10.68,0.0,170.8,1.6,6.06,33.64,1.58,103.0,0
11,29,4,894,78,49,0.009000000000000001,5.48,5.48,0.0,3.19,1.38,3.81,9.38,0.0,0.0,0
11,29,4,895,78,49,0.004,5.73,5.73,0.0,3.34,1.41,3.41,7.42,0.0,0.0,0
11,29,4,896,78,49,0.013999999999999999,4.33,4.33,0.0,2.53,1.14,3.47,6.14,0.0,0.0,0
11,29,4,897,78,50,0.006999999999999999,2.77,2.77,0.0,21.93,1.25,5.99,9.96,0.0,0.0,0
11,29,4,898,78,50,0.001,3.63,3.63,0.0,28.76,1.51,16.41,24.64,0.0,0.0,2
12,21,4,899,0,1,0.034,7.41,7.41,0.0,32.62,2.95,52.34,40.04,9107.22,247325.18,0
12,21,4,900,22,6,0.035,14.73,14.73,0.0,214.07,10.87,95.06,29.93,7.23,25.9,0
12,21,4,901,22,6,0.035,46.01,46.01,0.0,668.73,23.68,19.86,16.18,22.59,202.99,0
12,21,4,902,0,10,0.027000000000000003,6.99,6.99,0.0,57.88,1.68,22.96,9.52,1089.59,49610.27,0
12,21,4,903,79,22,0.004,9.48,9.48,0.0,394.81,3.57,18.65,7.13,4417.94,344554.83,0
12,21,4,906,0,27,0.052000000000000005,15.02,15.02,0.0,297.5,8.13,119.18,43.16,8609.89,645551.88,0
12,21,4,907,48,30,0.043,12.56,12.56,0.0,496.04,3.05,40.52,47.17,1717.32,43497.29,0
12,21,4,908,25,45,0.004,29.36,29.36,0.0,1519.68,3.52,11.52,5.34,0.0,0.0,0
12,21,4,909,25,45,0.004,24.7,24.7,0.0,1278.42,2.1,10.93,6.27,0.0,0.0,0
12,21,4,917,0,55,0.12,5.6,5.6,0.0,34.3,3.74,33.71,11.16,8280.95,302154.13,0
13,17,4,922,76,0,0.2,7.03,7.03,0.0,46.76,6.18,10.7,8.17,748.49,15394.46,0
13,17,4,924,76,1,0.002,6.1,6.1,0.0,63.67,1.89,11.71,6.47,0.0,0.0,0
13,17,4,927,76,10,0.14,5.65,5.65,0.0,35.1,1.31,10.1,5.75,831.71,37868.44,0
13,17,4,930,76,10,0.14,4.6,4.6,0.0,17.48,3.59,57.03,19.01,880.9,83995.08,0
13,17,4,931,76,10,0.14,7.12,7.12,0.0,27.08,3.37,55.64,18.49,852.46,81282.88,0
13,17,4,932,76,25,0.34,15.38,15.38,0.0,220.09,3.62,27.56,19.67,6524.68,195134.86,0
13,17,4,934,76,27,0.0,5.64,5.64,0.0,88.93,1.32,14.47,5.32,0.0,0.0,0
13,17,4,935,76,27,0.0,5.18,5.18,0.0,81.59,1.28,13.22,5.09,0.0,0.0,0
13,17,4,936,76,27,0.0,5.09,5.09,0.0,80.22,1.3,12.82,5.17,0.0,0.0,0
13,17,4,937,76,55,0.022000000000000002,10.27,10.27,0.0,12.79,1.96,13.73,8.65,0.0,0.0,0
13,17,4,938,76,55,0.012,7.1,7.1,0.0,8.84,1.75,12.97,7.75,838.46,966.5,0
13,17,4,939,76,55,0.005,10.27,10.27,0.0,12.79,1.94,13.1,5.99,0.0,0.0,0
13,17,4,940,76,55,0.003,7.1,7.1,0.0,8.84,1.75,12.36,5.28,838.46,966.5,0
14,37,2,948,95,0,0.2,0.6,0.6,0.0,5.23,1.07,3.18,0.52,1.27,6.25,0
14,37,2,958,95,6,0.047,0.28,0.28,0.0,5.38,1.28,3.84,1.46,1.27,2.39,0
14,37,2,959,95,6,0.038,0.31,0.31,0.0,3.96,1.25,3.46,1.48,1.27,2.39,0
14,37,2,963,95,6,0.012,0.35,0.35,0.0,21.8,1.27,3.23,1.45,1.27,2.39,0
14,37,2,964,95,6,0.038,0.58,0.58,0.0,7.33,0.74,3.26,1.53,1.27,2.39,0
14,37,2,965,95,6,0.045,0.28,0.28,0.0,5.29,0.92,3.36,0.56,1.27,2.39,0
14,37,2,967,95,6,0.17,0.37,0.37,0.0,4.62,0.76,3.74,1.48,1.27,2.39,0
14,37,2,968,95,6,0.091,0.34,0.34,0.0,6.61,0.84,3.99,1.45,1.27,2.39,0
14,37,2,969,95,6,0.066,0.45,0.45,0.0,8.56,1.4,3.34,1.11,1.27,2.39,0
14,37,2,970,95,6,0.047,0.39,0.39,0.0,7.29,1.29,3.26,1.07,1.27,2.39,0
14,37,2,971,95,6,0.045,0.29,0.29,0.0,5.5,1.14,3.23,1.05,1.27,2.39,0
14,37,2,983,95,10,0.032,0.78,0.78,0.0,1.2,0.72,3.62,0.67,93.13,242.61,0
14,37,2,984,95,10,0.005,0.88,0.88,0.0,1.35,0.72,4.02,0.59,93.27,242.93,2
14,37,2,1000,95,27,0.0,0.36,0.36,0.0,5.69,0.82,4.78,1.32,209.08,19424.66,0
14,37,2,1001,95,27,0.0,0.34,0.34,0.0,5.28,0.8,3.95,1.1,176.48,16385.33,0
14,37,2,1002,95,27,0.0,0.35,0.35,0.0,5.48,0.79,3.95,1.09,169.08,15695.97,0
14,37,2,1003,95,27,0.001,0.35,0.35,0.0,5.49,0.75,4.55,1.31,190.41,17684.37,0
14,37,2,1020,95,50,0.0,0.51,0.51,0.0,4.01,0.86,4.03,4.2,1.22,1.0,0
14,37,2,1021,95,50,0.0,0.54,0.54,0.0,4.26,0.83,3.75,4.28,1.22,1.0,2
14,37,2,1023,95,51,0.002,1.26,1.26,0.0,20.98,0.73,3.71,1.07,1.27,6.93,0
14,37,2,1033,95,55,0.11,0.72,0.72,0.0,2.34,0.76,3.38,1.27,1.22,11.61,0
14,37,2,1036,95,55,0.049,0.92,0.92,0.0,3.02,0.75,3.45,1.72,1.22,11.61,0
14,37,2,1037,95,55,0.001,0.93,0.93,0.0,3.05,0.77,3.3,1.71,1.22,11.61,2
15,39,4,1043,95,0,0.2,3.25,3.25,0.0,28.1,3.65,8.83,2.93,6.61,32.44,0
15,39,4,1053,95,6,0.047,1.53,1.53,0.0,28.9,4.78,12.37,7.98,6.61,12.43,0
15,39,4,1054,95,6,0.038,1.69,1.69,0.0,21.3,4.64,10.34,8.09,6.61,12.43,0
15,39,4,1058,95,6,0.012,1.91,1.91,0.0,117.22,4.74,9.09,7.93,6.61,12.43,0
15,39,4,1059,95,6,0.038,3.12,3.12,0.0,39.4,1.9,9.24,8.4,6.61,12.43,0
15,39,4,1060,95,6,0.045,1.51,1.51,0.0,28.44,2.86,9.78,3.15,6.61,12.43,0
15,39,4,1062,95,6,0.17,1.97,1.97,0.0,24.86,1.98,11.67,8.09,6.61,12.43,0
15,39,4,1063,95,6,0.091,1.83,1.83,0.0,35.53,2.4,13.04,7.91,6.61,12.43,0
15,39,4,1064,95,6,0.066,2.44,2.44,0.0,46.03,5.44,9.68,6.14,6.61,12.43,0
15,39,4,1065,95,6,0.047,2.08,2.08,0.0,39.22,4.87,9.24,5.9,6.61,12.43,0
15,39,4,1066,95,6,0.045,1.57,1.57,0.0,29.55,4.06,9.08,5.8,6.61,12.43,0
15,39,4,1078,95,10,0.032,4.2,4.2,0.0,6.45,1.79,11.31,3.7,500.52,1298.57,0
15,39,4,1079,95,10,0.005,4.72,4.72,0.0,7.26,1.77,13.28,3.24,501.29,1300.33,2
15,39,4,1095,95,27,0.0,1.94,1.94,0.0,30.59,2.3,17.43,7.26,1123.97,104435.41,0
15,39,4,1096,95,27,0.0,1.8,1.8,0.0,28.39,2.19,12.98,6.09,948.67,88093.2,0
15,39,4,1097,95,27,0.0,1.87,1.87,0.0,29.49,2.16,12.97,6.04,908.91,84386.55,0
15,39,4,1098,95,27,0.001,1.87,1.87,0.0,29.5,1.96,16.17,7.2,1023.6,95078.03,0
15,39,4,1115,95,50,0.0,2.72,2.72,0.0,21.55,2.54,13.49,22.71,6.34,5.2,0
15,39,4,1116,95,50,0.0,2.89,2.89,0.0,22.89,2.41,11.97,23.12,6.34,5.2,2
15,39,4,1118,95,51,0.002,6.78,6.78,0.0,112.82,1.84,11.64,5.93,6.61,35.97,0
15,39,4,1128,95,55,0.11,3.85,3.85,0.0,12.6,2.0,9.98,6.91,6.34,60.29,0
15,39,4,1131,95,55,0.049,4.95,4.95,0.0,16.21,1.98,10.38,9.37,6.34,60.29,0
15,39,4,1132,95,55,0.001,5.01,5.01,0.0,16.42,2.05,9.58,9.3,6.34,60.29,2
16,36,3,1136,94,0,0.18,9.25,9.25,0.0,79.98,7.72,15.19,2.61,1.58,7.77,0
16,36,3,1139,94,6,0.24,5.26,5.26,0.0,323.51,2.87,18.05,16.24,1.58,2.98,0
16,36,3,1140,94,6,0.028999999999999998,11.76,11.76,0.0,723.04,21.31,15.03,20.25,1.58,2.98,0
16,36,3,1141,94,27,0.0,8.81,8.81,0.0,138.68,3.43,35.89,15.52,3294.38,307031.5,0
16,36,3,1142,94,47,0.006,135.05,135.05,0.0,16923.55,3.91,16.38,12.47,1.58,31.01,0
16,36,3,1143,94,55,0.0,11.09,11.09,0.0,36.35,2.87,12.32,6.51,44.3,1575.31,0
16,36,3,1155,95,6,0.043,4.42,4.42,0.0,83.42,10.95,21.56,17.21,1.58,2.98,0
16,36,3,1156,95,6,0.035,4.87,4.87,0.0,61.48,10.53,15.7,17.53,1.58,2.98,0
16,36,3,1160,95,6,0.011000000000000001,5.5,5.5,0.0,338.32,10.83,12.1,17.07,1.58,2.98,0
16,36,3,1161,95,6,0.035,9.01,9.01,0.0,113.7,2.29,12.55,18.42,1.58,2.98,0
16,36,3,1162,95,6,0.040999999999999995,4.35,4.35,0.0,82.07,5.41,14.09,3.26,1.58,2.98,0
16,36,3,1163,95,6,0.061,7.04,7.04,0.0,132.86,12.83,13.8,11.89,1.58,2.98,0
16,36,3,1164,95,6,0.043,6.0,6.0,0.0,113.19,11.19,12.53,11.2,1.58,2.98,0
16,36,3,1165,95,6,0.040999999999999995,4.52,4.52,0.0,85.28,8.86,12.08,10.9,1.58,2.98,0
16,36,3,1177,95,10,0.03,12.11,12.11,0.0,18.63,2.4,19.09,5.08,1428.64,3306.99,0
16,36,3,1178,95,10,0.005,13.62,13.62,0.0,20.95,2.35,24.78,3.75,1430.86,3312.08,2
16,36,3,1193,95,27,0.0,5.61,5.61,0.0,88.3,3.77,36.18,15.12,3226.45,300698.02,0
16,36,3,1194,95,27,0.0,5.21,5.21,0.0,81.93,3.47,23.34,11.74,2720.5,253532.05,0
16,36,3,1195,95,27,0.0,5.41,5.41,0.0,85.11,3.37,23.29,11.61,2605.75,242834.15,0
16,36,3,1196,95,27,0.0,5.41,5.41,0.0,85.13,2.81,32.53,14.95,2936.75,273691.27,0
16,36,3,1213,95,50,0.0,7.85,7.85,0.0,62.19,4.57,25.39,59.93,1.52,1.25,0
16,36,3,1214,95,50,0.0,8.33,8.33,0.0,66.05,4.2,21.01,61.13,1.52,1.25,2
16,36,3,1216,95,51,0.002,19.56,19.56,0.0,325.61,2.45,19.48,11.28,1.58,8.62,0
16,36,3,1226,95,55,0.1,11.1,11.1,0.0,36.38,3.01,15.25,14.35,1.52,14.44,0
16,36,3,1228,95,55,0.09,14.28,14.28,0.0,46.79,2.97,16.41,21.46,1.52,14.44,0
16,36,3,1229,95,55,0.001,14.46,14.46,0.0,47.4,3.17,14.09,21.25,1.52,14.44,2
17,28,3,1234,72,7,0.036000000000000004,4.72,4.72,0.0,282.19,6.67,14.96,10.17,6.39,31.57,0
17,28,3,1241,72,33,0.22,2.59,2.59,0.0,272.04,7.34,18.12,17.1,7.41,6.01,0
17,28,3,1242,72,33,0.22,2.38,2.38,0.0,257.78,5.45,17.74,10.29,6.39,3.75,0
17,28,3,1243,72,33,0.057999999999999996,2.38,2.38,0.0,257.78,3.55,17.86,5.49,6.39,3.75,0
17,28,3,1245,72,33,0.22,2.57,2.57,0.0,278.3,4.69,15.73,6.66,6.39,3.75,0
17,28,3,1247,72,51,0.057,3.05,3.05,0.0,100.43,2.9,7.13,1.97,6.39,34.76,0
17,28,3,1248,72,51,0.027000000000000003,2.93,2.93,0.0,96.64,1.64,7.38,2.02,6.39,34.76,0
17,28,3,1251,71,6,0.011000000000000001,2.6,2.6,0.0,198.66,5.13,10.16,5.36,6.47,12.05,0
17,28,3,1252,71,26,0.14,2.02,2.02,0.0,804.79,9.0,15.84,16.3,6.39,67.22,0
18,38,3,1265,108,45,0.0,6.33,6.33,0.0,114.69,2.14,12.55,9.83,2461.45,125503.66,0
18,38,3,1266,108,45,0.0,6.54,6.54,0.0,118.53,2.64,18.41,15.26,1132.09,57667.31,0
18,38,3,1267,108,45,0.0,6.54,6.54,0.0,118.51,2.46,13.7,11.07,1696.42,86464.91,0
18,38,3,1268,108,45,0.0,29.18,29.18,0.0,529.03,3.16,9.19,10.79,2.87,44.0,0
18,38,3,1269,108,45,0.0,23.68,23.68,0.0,429.26,2.9,9.29,9.74,2.87,44.0,0
18,38,3,1270,108,45,0.0,17.74,17.74,0.0,321.54,2.65,8.71,8.31,2.87,44.0,0
18,38,3,1271,108,47,0.031,70.02,70.02,0.0,8595.5,3.91,20.05,17.26,2.99,58.64,0
18,38,3,1272,108,47,0.031,33.38,33.38,0.0,4097.87,3.26,20.43,12.55,2.99,58.64,0
18,38,3,1273,108,48,0.29,19.29,19.29,0.0,282.37,3.41,14.32,175.69,6.06,190.99,0
18,38,3,1276,109,6,0.054000000000000006,7.31,7.31,0.0,163.59,7.73,48.09,7.55,2.99,5.63,0
18,38,3,1277,109,9,0.001,19.5,19.5,0.0,121.46,4.48,61.58,21.68,5977.16,519840.66,0
18,38,3,1279,109,19,0.04,6.43,6.43,0.0,8.74,2.23,16.13,27.65,2.87,6.64,0
18,38,3,1280,109,19,0.04,8.63,8.63,0.0,11.74,2.48,18.12,52.63,2.87,6.64,0
18,38,3,1281,109,19,0.04,10.06,10.06,0.0,34.49,2.64,17.52,16.09,22.31,167.75,0
18,38,3,1282,109,19,0.04,8.69,8.69,0.0,29.8,3.56,16.0,17.37,2.87,6.64,0
18,38,3,1284,109,20,0.0,10.81,10.81,0.0,14.3,2.6,25.05,11.22,2.87,3.56,2
18,38,3,1285,109,30,0.004,6.59,6.59,0.0,94.22,4.1,9.91,24.61,724.63,3518.71,0
18,38,3,1286,109,30,0.004,9.66,9.66,0.0,138.19,2.86,15.11,15.85,15.88,751.97,0
18,38,3,1287,109,30,0.004,15.79,15.79,0.0,225.85,4.29,54.7,33.16,15.63,738.36,0
18,38,3,1288,109,30,0.004,14.2,14.2,0.0,203.06,3.38,33.74,22.29,16.25,772.01,0
18,38,3,1289,109,30,0.004,6.76,6.76,0.0,96.61,2.84,14.68,14.76,15.15,712.58,0
18,38,3,1290,109,30,0.004,10.52,10.52,0.0,150.47,3.87,47.68,28.53,15.62,737.9,0
18,38,3,1291,109,48,0.29,27.04,27.04,0.0,417.97,3.67,13.79,94.63,5.03,231.41,0
18,38,3,1292,109,50,0.12,7.91,7.91,0.0,62.74,3.8,22.33,49.72,2.87,2.36,0
19,33,3,1294,20,1,0.046,21.04,21.04,0.0,145.61,1.95,63.97,9.18,1.43,36.48,0
19,33,3,1295,20,1,0.016,24.84,24.84,0.0,662.31,2.39,34.8,10.88,1.43,36.48,0
19,33,3,1296,85,1,0.016,46.91,46.91,0.0,1250.73,7.83,23.19,3.33,11.65,169.91,0
19,33,3,1300,85,16,0.015,6.0,6.0,0.0,8.37,3.6,23.08,19.41,1.43,6.92,0
19,33,3,1301,85,19,0.052000000000000005,4.66,4.66,0.0,15.65,2.27,17.47,12.63,1.43,3.32,0
19,33,3,1302,85,20,0.069,5.97,5.97,0.0,8.96,3.08,28.66,55.75,7.24,8.99,0
19,33,3,1308,20,47,0.004,47.49,47.49,0.0,5829.89,3.67,22.55,13.85,1.49,29.27,0
19,33,3,1309,85,48,0.004,27.07,27.07,0.0,390.33,4.43,21.66,5.64,4994.79,395154.76,0
19,33,3,1310,85,49,0.001,9.51,9.51,0.0,3.73,6.31,19.66,3.65,1.43,5.77,0
19,33,3,1323,84,9,0.005,10.85,10.85,0.0,68.44,2.76,46.18,15.95,1.49,58.66,0
19,33,3,1324,84,16,0.015,6.86,6.86,0.0,9.58,4.95,27.85,26.93,680.26,2231.81,0
19,33,3,1326,134,19,0.02,5.1,5.1,0.0,7.79,3.69,26.84,25.12,76.86,313.67,0
19,33,3,1327,134,19,0.02,5.53,5.53,0.0,8.46,3.73,26.58,20.04,83.31,340.22,0
19,33,3,1328,134,19,0.02,4.74,4.74,0.0,7.25,3.34,23.55,16.22,73.63,300.38,0
19,33,3,1329,134,19,0.02,5.12,5.12,0.0,7.83,3.37,22.96,18.25,79.52,324.61,0
19,33,3,1330,134,19,0.015,6.27,6.27,0.0,8.35,3.82,25.6,25.7,1.43,3.32,0
19,33,3,1331,134,19,0.015,5.61,5.61,0.0,7.47,3.86,28.03,24.96,1.43,3.32,0
19,33,3,1332,134,19,0.015,5.26,5.26,0.0,7.01,3.54,24.62,21.77,1.43,3.32,0
19,33,3,1333,134,19,0.013000000000000001,5.59,5.59,0.0,7.45,3.72,27.11,24.92,1.43,3.32,0
19,33,3,1334,134,19,0.013000000000000001,5.22,5.22,0.0,6.95,3.45,24.14,20.3,1.43,3.32,0
19,33,3,1335,84,19,0.052000000000000005,6.47,6.47,0.0,21.73,4.13,26.4,16.73,1.43,3.32,0
19,33,3,1336,84,19,0.013000000000000001,6.84,6.84,0.0,9.12,4.9,27.46,37.14,9.15,13.58,0
19,33,3,1337,84,19,0.040999999999999995,6.85,6.85,0.0,10.49,3.38,16.39,17.2,1.43,3.32,0
19,33,3,1338,84,19,0.052000000000000005,6.31,6.31,0.0,21.19,4.09,15.05,13.19,1.43,3.32,0
19,33,3,1340,134,20,0.069,5.51,5.51,0.0,8.27,2.92,16.81,27.93,1.43,1.78,0
19,33,3,1341,84,20,0.052000000000000005,5.48,5.48,0.0,7.68,3.35,14.72,12.95,6.55,14.18,0
19,33,3,1343,84,20,0.069,5.06,5.06,0.0,7.6,3.36,26.06,6.5,1.43,1.78,0
19,33,3,1345,19,27,0.005,18.42,18.42,0.0,290.41,7.09,89.65,34.01,1.49,61.29,0
19,33,3,1346,19,27,0.004,14.61,14.61,0.0,230.25,4.87,40.17,16.12,309.43,28768.17,0
19,33,3,1347,19,27,0.004,6.18,6.18,0.0,97.37,2.42,42.95,17.04,682.48,63545.15,0
19,33,3,1348,84,30,0.0,6.91,6.91,0.0,21.49,3.14,33.84,7.6,528.85,5217.56,0
19,33,3,1349,84,30,0.0,7.73,7.73,0.0,24.04,3.59,41.04,9.33,528.4,5213.12,0
19,33,3,1350,84,30,0.0,6.79,6.79,0.0,21.12,3.29,36.24,8.17,529.14,5220.42,0
19,33,3,1351,84,30,0.0,19.47,19.47,0.0,403.03,7.75,69.07,16.15,12110.25,1044364.87,0
19,33,3,1352,84,30,0.0,64.03,64.03,0.0,199.06,13.64,190.76,45.54,791.78,999.18,0
19,33,3,1354,84,44,0.087,6.99,6.99,0.0,14.07,3.92,30.39,8.64,1.43,2.78,0
19,33,3,1355,134,49,0.013000000000000001,5.56,5.56,0.0,3.25,3.55,11.98,13.82,1.43,5.77,0
19,33,3,1356,134,49,0.002,12.71,12.71,0.0,7.42,5.49,14.52,20.53,1.43,5.77,0
19,33,3,1357,134,49,0.001,8.23,8.23,0.0,4.8,4.37,13.67,9.57,1.43,5.77,0
19,33,3,1358,99,49,0.0,10.3,10.3,0.0,6.02,4.84,13.45,24.97,1.43,5.77,0
19,33,3,1359,99,49,0.001,16.36,16.36,0.0,9.55,6.22,14.47,26.85,1.43,5.77,0
19,33,3,1360,99,49,0.003,12.35,12.35,0.0,7.21,5.42,14.71,14.33,1.43,5.77,0
19,33,3,1361,134,50,0.0,6.13,6.13,0.0,48.59,3.7,33.89,61.29,1.43,1.18,0
19,33,3,1362,134,50,0.004,6.66,6.66,0.0,52.81,3.69,33.53,43.59,1.43,1.18,0
19,33,3,1363,134,50,0.001,7.71,7.71,0.0,61.11,3.75,45.72,66.17,1.43,1.18,0
19,33,3,1364,134,50,0.0,10.15,10.15,0.0,80.42,4.35,78.7,66.65,1.43,1.18,2
19,33,3,1365,19,52,0.008,6.55,6.55,0.0,14.73,4.21,41.87,17.49,1.49,30.9,0
19,33,3,1367,84,54,0.091,6.73,6.73,0.0,8.45,3.43,21.43,17.55,1.43,4.49,0
19,33,3,1368,84,54,0.0,19.3,19.3,0.0,24.25,3.49,12.63,34.25,1.43,4.49,2
20,23,3,1373,40,22,0.15,14.78,14.78,0.0,823.06,3.35,33.92,37.45,390.1,31082.73,0
20,23,3,1374,40,22,0.15,18.39,18.39,0.0,1024.02,5.35,45.81,39.86,317.87,24395.66,0
20,23,3,1375,66,27,0.024,20.08,20.08,0.0,541.58,3.32,111.78,63.74,2360.56,71851.91,0
20,23,3,1376,40,30,0.051,22.61,22.61,0.0,905.71,1.89,9.83,17.09,3.21,130.32,0
20,23,3,1377,40,30,0.051,12.75,12.75,0.0,649.41,2.87,20.07,5.87,591.34,50637.01,0
20,23,3,1378,40,30,0.045,24.37,24.37,0.0,976.12,4.79,64.57,21.25,171.98,2833.17,0
20,23,3,1380,41,30,0.051,9.24,9.24,0.0,470.76,2.18,11.39,3.21,6131.72,476013.48,0
20,23,3,1382,121,45,0.18,30.4,30.4,0.0,1095.84,5.25,40.65,39.24,8.51,130.37,0
20,23,3,1383,121,45,0.14,36.32,36.32,0.0,1309.32,10.71,59.9,53.03,8.51,130.37,0
20,23,3,1389,67,30,0.002,6.72,6.72,0.0,342.38,5.77,54.7,39.5,1132.3,97791.01,0
20,23,3,1390,67,30,0.0,14.16,14.16,0.0,721.29,6.93,75.84,52.38,1408.25,121766.63,0
20,23,3,1391,67,30,0.006,13.38,13.38,0.0,535.99,3.68,26.22,27.74,8.51,151.0,0
20,23,3,1392,67,30,0.006,5.79,5.79,0.0,231.84,3.6,37.57,30.92,2166.25,172476.95,0
21,40,8,1395,115,1,0.001,1.29,1.29,0.0,11.47,0.76,3.97,1.02,120.01,2227.86,0
21,40,8,1397,115,1,0.001,0.2,0.2,0.0,2.21,0.81,4.9,1.12,72.0,1318.82,0
21,40,8,1403,115,5,0.005,5.36,5.36,0.0,33.45,9.78,82.15,37.63,1844.92,12392.63,0
21,40,8,1404,115,5,0.026000000000000002,6.61,6.61,0.0,41.19,14.44,68.53,32.17,1762.8,11841.01,0
21,40,8,1405,115,5,0.002,5.85,5.85,0.0,36.46,8.34,85.25,42.78,1551.41,10421.11,0
21,40,8,1406,115,5,0.02,6.48,6.48,0.0,40.43,15.93,83.03,39.46,2164.14,14536.89,0
21,40,8,1407,115,5,0.009000000000000001,9.39,9.39,0.0,58.55,14.75,98.72,44.11,1197.71,8045.22,0
21,40,8,1408,115,5,0.02,4.38,4.38,0.0,27.29,9.32,62.02,30.47,1333.82,8959.53,0
21,40,8,1409,115,5,0.01,13.81,13.81,0.0,86.13,27.02,158.2,74.03,3588.33,24103.46,0
21,40,8,1410,115,5,0.006,2.65,2.65,0.0,24.47,8.5,102.71,51.44,1993.74,3112.48,0
21,40,8,1411,115,5,0.006,9.81,9.81,0.0,90.71,28.96,240.62,116.25,4542.28,7091.08,0
21,40,8,1412,115,5,0.019,1.83,1.83,0.0,16.92,6.22,21.18,6.92,939.48,3806.43,0
21,40,8,1413,115,8,0.006999999999999999,0.02,0.02,0.0,0.05,4.23,9.14,5.22,23.11,19.77,0
21,40,8,1414,115,10,0.024,0.21,0.21,0.0,0.86,0.45,5.99,1.97,71.64,6830.73,2
21,40,8,1415,115,10,0.22,0.21,0.21,0.0,0.86,0.43,5.98,1.92,71.1,6733.57,0
21,40,8,1417,115,10,0.09,0.18,0.18,0.0,0.85,0.73,4.28,2.04,83.35,2949.78,0
21,40,8,1418,115,11,0.0,0.06,0.06,0.0,11.56,0.65,3.27,0.53,195.95,91.7,0
21,40,8,1422,115,16,0.0,0.02,0.02,0.0,0.03,4.6,9.92,3.04,16.05,52.61,0
21,40,8,1423,115,16,0.0,0.02,0.02,0.0,0.03,4.59,9.92,2.57,9.63,31.57,0
21,40,8,1424,115,16,0.0,0.09,0.09,0.0,0.14,6.66,13.26,3.4,3.91,12.81,2
21,40,8,1425,115,19,0.003,0.05,0.05,0.0,0.19,2.64,5.77,3.35,33.99,281.72,0
21,40,8,1426,115,19,0.0,0.11,0.11,0.0,0.41,0.77,3.86,1.46,10.62,88.04,2
21,40,8,1428,115,19,0.001,0.07,0.07,0.0,0.27,0.73,3.56,1.97,11.34,94.01,0
21,40,8,1429,115,24,0.001,0.02,0.02,0.0,0.04,1.03,4.56,1.72,17.25,22.21,0
21,40,8,1430,115,24,0.001,0.02,0.02,0.0,0.04,6.25,8.33,2.29,17.25,22.21,0
21,40,8,1431,115,27,0.001,0.06,0.06,0.0,1.22,0.77,3.22,0.39,205.26,16752.19,0
21,40,8,1433,115,30,0.032,0.13,0.13,0.0,1.82,0.88,3.12,1.69,43.95,2131.56,0
21,40,8,1434,115,30,0.032,0.16,0.16,0.0,0.54,0.6,2.99,0.61,93.64,270.4,2
21,40,8,1435,115,30,0.032,0.17,0.17,0.0,3.75,1.0,4.29,1.29,32.64,2815.46,0
21,40,8,1436,115,36,0.11,0.09,0.09,0.0,0.84,0.72,4.46,1.25,48.3,3399.94,0
21,40,8,1437,115,38,0.002,0.02,0.02,0.0,0.04,2.9,6.04,1.2,16.6,15.43,0
21,40,8,1440,115,38,0.002,0.02,0.02,0.0,0.04,2.9,6.04,1.2,16.6,25.04,0
21,40,8,1445,115,48,0.008,0.12,0.12,0.0,1.59,0.87,4.61,1.55,73.07,5056.52,0
21,40,8,1446,115,48,0.008,0.12,0.12,0.0,1.55,0.71,3.67,0.62,68.96,4771.68,0
21,40,8,1447,115,48,0.002,0.08,0.08,0.0,1.04,0.74,3.84,1.12,40.99,2836.09,0
21,40,8,1448,115,48,0.002,0.07,0.07,0.0,1.0,0.7,3.72,0.76,50.06,3464.25,0
21,40,8,1449,115,48,0.008,0.07,0.07,0.0,0.97,0.72,3.81,0.68,71.82,4969.5,0
21,40,8,1450,115,48,0.008,0.07,0.07,0.0,0.96,0.9,4.75,1.63,71.46,4944.5,0
21,40,8,1451,115,48,0.008,0.14,0.14,0.0,1.85,0.58,3.37,0.53,60.57,4190.94,0
21,40,8,1452,115,48,0.002,0.07,0.07,0.0,0.97,0.61,3.19,0.49,31.02,2146.8,0
21,40,8,1455,117,48,0.002,0.07,0.07,0.0,1.27,0.82,3.8,0.93,36.83,3561.79,0
21,40,8,1456,118,48,0.002,0.19,0.19,0.0,3.15,1.22,6.51,0.6,65.27,6347.58,0
21,40,8,1457,117,48,0.002,0.13,0.13,0.0,2.15,0.86,5.02,0.59,46.07,4480.65,0
21,40,8,1458,116,48,0.002,0.27,0.27,0.0,4.49,3.67,11.32,0.83,89.58,8712.37,0
21,40,8,1465,115,52,0.11,0.16,0.16,0.0,0.98,0.37,4.04,1.07,61.14,384.65,0
21,40,8,1466,118,54,0.0,0.05,0.05,0.0,0.07,5.84,4.98,0.36,75.65,348.6,0
21,40,8,1467,117,54,0.0,0.02,0.02,0.0,0.03,2.56,2.94,0.25,31.3,144.25,0
21,40,8,1468,116,54,0.0,0.06,0.06,0.0,0.08,6.68,5.36,0.36,87.39,402.7,0
21,40,8,1471,115,55,0.066,0.14,0.14,0.0,0.98,0.67,3.32,0.74,140.25,8245.92,0
21,40,8,1472,115,55,0.003,0.17,0.17,0.0,0.39,0.64,3.12,0.64,28.35,24.27,0
21,40,8,1473,115,55,0.001,0.14,0.14,0.0,1.04,0.63,3.34,0.79,131.25,7716.83,2
21,40,8,1474,115,55,0.012,0.15,0.15,0.0,0.64,0.8,4.49,1.48,50.7,85.3,0
21,40,8,1475,115,55,0.006,0.15,0.15,0.0,0.64,0.84,5.04,1.68,50.7,85.3,0
21,40,8,1476,115,55,0.066,0.21,0.21,0.0,1.52,0.65,3.72,1.56,133.04,7821.81,0
22,24,8,1478,68,1,0.002,0.28,0.28,0.0,2.65,0.35,2.7,1.0,58.18,121.24,0
22,24,8,1479,54,4,0.003,0.31,0.31,0.0,0.5,0.35,2.79,1.05,61.53,140.53,0
22,24,8,1480,54,4,0.003,0.43,0.43,0.0,0.69,0.29,2.71,1.07,61.5,140.48,2
22,24,8,1481,68,10,0.51,0.3,0.3,0.0,2.06,0.36,3.08,1.57,1.06,48.25,0
22,24,8,1485,68,16,0.003,0.37,0.37,0.0,0.57,0.7,3.86,1.98,31.43,103.03,0
22,24,8,1486,68,25,0.32,0.62,0.62,0.0,12.16,0.77,4.78,7.44,1.91,57.03,0
22,24,8,1491,68,38,0.015,0.3,0.3,0.0,0.5,0.33,2.93,1.52,0.62,0.94,0
22,24,8,1492,68,39,0.002,0.5,0.5,0.0,9.63,0.37,3.12,4.12,0.7,8.5,0
22,24,8,1494,68,48,0.061,0.1,0.1,0.0,1.41,0.42,3.49,0.98,72.36,5007.27,0
22,24,8,1495,68,48,0.061,0.1,0.1,0.0,1.43,0.61,4.61,2.01,75.47,5222.18,0
22,24,8,1499,68,50,0.005,0.35,0.35,0.0,2.96,0.33,3.55,6.22,1.54,2.73,0
22,24,8,1500,68,54,0.011000000000000001,0.34,0.34,0.0,0.5,0.32,2.45,0.66,17.51,80.68,0
23,35,8,1509,21,16,0.048,0.19,0.19,0.0,0.29,0.37,3.32,0.67,16.28,53.37,0
23,35,8,1510,21,16,0.048,0.22,0.22,0.0,0.33,0.4,3.03,0.65,16.28,53.37,0
23,35,8,1511,21,16,0.002,0.23,0.23,0.0,0.35,0.47,4.26,2.23,19.0,62.26,2
23,35,8,1512,21,16,0.002,0.3,0.3,0.0,0.46,0.52,4.22,1.26,25.08,82.19,2
23,35,8,1513,21,16,0.002,0.25,0.25,0.0,0.39,0.49,4.0,2.36,19.0,62.26,2
23,35,8,1514,21,19,0.17,0.27,0.27,0.0,0.49,0.29,2.92,0.98,7.65,27.59,2
23,35,8,1515,21,19,0.084,0.2,0.2,0.0,0.37,0.3,3.27,1.31,10.5,37.89,0
23,35,8,1516,21,19,0.32,0.18,0.18,0.0,0.34,0.29,3.05,1.05,62.48,429.27,0
23,35,8,1529,21,49,0.016,0.25,0.25,0.0,0.43,0.27,3.21,0.78,0.0,0.0,0
23,35,8,1530,21,50,0.062,0.28,0.28,0.0,2.4,0.31,2.91,2.46,20.49,36.36,0
23,35,8,1531,21,50,0.006999999999999999,0.31,0.31,0.0,2.67,0.3,2.96,2.84,22.91,40.66,2
23,35,8,1532,21,54,0.16,0.19,0.19,0.0,0.27,0.27,2.35,0.49,9.89,45.58,0
24,7,8,1539,16,1,0.003,1.06,1.06,0.0,9.74,0.47,3.52,1.62,259.32,540.36,0
24,7,8,1543,70,10,0.44,0.77,0.77,0.0,3.62,0.93,9.62,6.64,148.78,5265.52,0
24,7,8,1549,24,48,0.055,0.27,0.27,0.0,3.9,0.63,3.81,0.94,191.72,13266.69,0
24,7,8,1550,24,48,0.055,0.3,0.3,0.0,4.28,0.83,4.86,2.09,200.64,13883.67,0
24,7,8,1551,16,48,0.055,0.42,0.42,0.0,7.49,0.82,8.08,2.59,380.28,37922.84,0
24,7,8,1552,16,48,0.055,0.64,0.64,0.0,10.89,0.97,7.3,1.55,253.15,19799.1,0
24,7,8,1553,16,48,0.055,0.72,0.72,0.0,12.3,1.45,10.61,2.72,201.97,15929.92,0
24,7,8,1557,17,50,0.005,0.16,0.16,0.0,1.38,0.28,1.93,2.73,7.86,13.95,0
24,7,8,1558,17,50,0.001,0.18,0.18,0.0,1.56,0.25,2.4,2.5,8.99,15.96,2
24,7,8,1563,24,54,0.009000000000000001,1.07,1.07,0.0,1.56,0.61,1.97,1.07,53.41,246.13,0
24,7,8,1564,16,54,0.009000000000000001,0.61,0.61,0.0,0.88,0.74,4.11,1.22,6.09,26.31,0
24,7,8,1565,16,54,0.009000000000000001,0.89,0.89,0.0,1.3,0.81,4.26,1.58,4.31,18.09,0
24,7,8,1566,16,55,0.2,2.3,2.3,0.0,46.12,0.73,5.67,1.94,641.65,60922.85,0
24,7,8,1567,16,55,0.001,2.36,2.36,0.0,47.18,0.8,2.98,1.21,656.46,62328.7,2
25,27,8,1572,38,10,0.54,0.19,0.19,0.0,0.89,0.4,3.44,1.78,83.05,2939.44,0
25,27,8,1573,38,16,0.0,0.03,0.03,0.0,0.04,5.61,11.13,3.74,20.48,67.14,0
25,27,8,1574,38,16,0.0,0.03,0.03,0.0,0.04,5.61,11.13,3.2,12.29,40.28,0
25,27,8,1575,49,20,0.004,0.8,0.8,0.0,1.01,0.14,1.46,0.8,0.41,0.38,0
25,27,8,1576,49,20,0.0,1.73,1.73,0.0,2.19,0.25,2.4,1.2,0.71,0.66,2
25,27,8,1577,49,20,0.004,0.55,0.55,0.0,0.84,0.09,2.37,0.63,9.57,8.9,0
25,27,8,1578,38,27,0.011000000000000001,0.08,0.08,0.0,0.15,0.53,3.91,0.92,16.31,248.84,0
25,27,8,1579,38,27,0.011000000000000001,0.09,0.09,0.0,1.75,0.71,2.31,0.28,335.41,27373.85,0
25,27,8,1580,38,27,0.011000000000000001,0.11,0.11,0.0,0.45,1.55,9.48,2.48,127.11,6590.89,0
25,27,8,1581,38,27,0.011000000000000001,0.1,0.1,0.0,0.42,1.55,10.19,2.68,128.95,6686.33,0
25,27,8,1582,38,27,0.011000000000000001,0.11,0.11,0.0,0.44,1.45,9.4,2.47,115.94,6012.02,0
25,27,8,1583,82,55,0.038,1.07,1.07,0.0,10.3,0.4,3.64,4.92,74.91,899.6,0
25,27,8,1586,57,1,0.002,0.32,0.32,0.0,3.61,0.56,3.34,1.29,69.55,427.92,0
25,27,8,1587,57,1,0.002,0.37,0.37,0.0,4.25,0.62,3.78,1.48,171.43,1054.68,0
25,27,8,1588,57,22,0.006999999999999999,0.44,0.44,0.0,8.82,0.47,3.05,0.65,145.04,8990.64,0
25,27,8,1589,57,22,0.0,1.04,1.04,0.0,21.18,0.86,7.94,2.61,278.47,17262.04,2
25,27,8,1590,57,30,0.02,1.27,1.27,0.0,21.52,0.67,3.49,1.69,36.0,337.97,0
25,27,8,1591,57,30,0.004,1.57,1.57,0.0,26.54,0.62,3.19,1.39,13.88,130.26,0
25,27,8,1592,53,30,0.004,2.08,2.08,0.0,6.77,3.0,12.58,2.74,200.77,669.27,0
25,27,8,1593,3,30,0.027000000000000003,1.54,1.54,0.0,37.48,0.94,6.47,2.57,359.65,33220.25,0
25,27,8,1594,29,30,0.013999999999999999,0.77,0.77,0.0,2.82,0.77,3.69,2.86,93.66,270.45,0
25,27,8,1597,57,48,0.001,0.73,0.73,0.0,13.13,0.63,3.38,1.58,150.23,14784.85,0
25,27,8,1598,57,48,0.006999999999999999,0.2,0.2,0.0,3.55,0.62,4.74,1.31,168.19,16771.94,0
25,27,8,1599,3,48,0.009000000000000001,1.16,1.16,0.0,20.74,1.09,9.08,2.67,785.3,78311.65,0
25,27,8,1600,57,48,0.006999999999999999,0.32,0.32,0.0,5.44,0.73,7.46,1.78,109.57,8669.87,0
25,27,8,1601,57,48,0.006999999999999999,0.33,0.33,0.0,5.68,0.46,6.2,1.32,103.6,8197.33,0
25,27,8,1612,57,51,0.0,0.28,0.28,0.0,9.66,0.51,4.52,1.96,746.71,5808.85,2
25,27,8,1614,57,54,0.001,0.15,0.15,0.0,0.21,1.1,2.06,0.54,34.47,158.86,0
25,27,8,1615,57,54,0.002,0.53,0.53,0.0,0.78,0.57,4.34,1.17,52.91,243.83,0
25,27,8,1616,57,54,0.002,0.34,0.34,0.0,0.5,0.41,2.18,0.77,61.93,285.38,0
25,27,8,1617,57,54,0.002,0.57,0.57,0.0,0.84,0.46,3.96,1.31,209.67,966.17,0
25,27,8,1618,57,54,0.001,0.09,0.09,0.0,0.14,6.78,8.58,1.38,123.61,569.62,0
25,27,8,1619,57,54,0.001,0.1,0.1,0.0,0.14,2.87,3.47,0.53,15.67,72.2,0
25,27,8,1620,57,55,0.069,0.45,0.45,0.0,3.29,1.0,3.28,0.88,247.47,14549.73,0
25,27,8,1622,50,55,0.069,1.05,1.05,0.0,21.09,0.64,4.45,1.23,146.68,13926.58,0
25,27,8,1623,57,55,0.001,1.8,1.8,0.0,35.99,0.77,3.65,1.15,283.71,26937.11,2
25,27,8,1627,89,32,0.005,0.82,0.82,0.0,12.0,12.0,57.38,12.87,192.67,1863.16,0
25,27,8,1628,47,48,0.004,0.49,0.49,0.0,8.81,0.52,3.0,0.81,101.36,9798.14,0
25,27,8,1629,47,48,0.004,0.39,0.39,0.0,7.09,2.33,6.11,1.18,80.37,7769.18,0
25,27,8,1630,47,48,0.004,1.24,1.24,0.0,22.34,0.67,4.84,1.92,289.22,27958.84,0
25,27,8,1632,89,54,0.006999999999999999,1.61,1.61,0.0,2.35,1.15,6.62,2.47,105.33,485.38,0
25,27,8,1633,89,54,0.006999999999999999,1.6,1.6,0.0,2.34,0.89,6.39,2.37,49.37,227.5,0
26,11,1,1634,69,6,0.019,1.02,1.02,0.0,16.6,0.33,2.0,0.25,0.0,0.0,2
26,11,1,1635,69,6,0.013000000000000001,0.81,0.81,0.0,13.28,0.38,2.29,0.28,41.42,25.25,2
26,11,1,1636,69,6,0.3,0.93,0.93,0.0,15.09,0.38,2.85,0.35,0.0,0.0,0
26,11,1,1641,69,27,0.026000000000000002,0.69,0.69,0.0,25.43,0.43,4.05,2.88,139.19,4347.29,0
26,11,1,1642,69,27,0.079,0.83,0.83,0.0,30.66,0.56,5.15,3.51,139.24,4348.84,0
26,11,1,1643,14,30,0.035,0.53,0.53,0.0,28.63,0.38,3.09,1.1,248.63,22965.34,0
26,11,1,1644,55,30,0.015,0.42,0.42,0.0,22.57,0.87,6.43,2.24,230.52,21292.41,0
26,11,1,1645,55,30,0.002,0.47,0.47,0.0,25.17,0.29,3.44,0.83,214.73,19834.19,2
26,11,1,1646,69,30,0.035,0.45,0.45,0.0,24.18,0.94,5.7,2.23,244.67,22599.51,0
26,11,1,1647,69,30,0.011000000000000001,0.52,0.52,0.0,28.02,0.28,3.27,0.91,234.35,21646.66,2
26,11,1,1649,31,36,0.03,0.5,0.5,0.0,10.52,0.52,3.2,6.48,465.79,46578.87,0
26,11,1,1650,31,36,0.037000000000000005,1.1,1.1,0.0,16.66,0.36,5.97,1.74,504.85,35538.7,0
26,11,1,1654,69,48,0.031,0.29,0.29,0.0,14.19,0.27,1.73,1.55,118.85,11330.54,0
26,11,1,1655,69,48,0.031,0.39,0.39,0.0,18.97,0.36,3.08,0.81,175.53,17504.34,0
26,11,1,1656,61,48,0.045,0.42,0.42,0.0,20.23,0.4,3.5,0.96,185.34,18482.4,0
26,11,1,1657,55,48,0.013999999999999999,0.34,0.34,0.0,16.52,0.32,2.65,0.65,140.69,14030.09,0
26,11,1,1658,30,48,0.031,0.43,0.43,0.0,21.03,0.58,3.83,2.1,116.8,11135.22,0
26,11,1,1659,30,48,0.003,0.79,0.79,0.0,38.28,0.32,3.97,2.27,116.8,11135.26,2
26,11,1,1660,69,55,0.08,0.42,0.42,0.0,2.39,0.52,4.21,1.88,69.01,107.42,0
26,11,1,1661,69,55,0.08,0.5,0.5,0.0,2.9,0.6,4.82,2.24,69.0,107.41,0
26,11,1,1662,69,55,0.08,0.36,0.36,0.0,2.05,0.29,3.27,2.0,112.25,188.84,0
27,1,1,1664,5,1,0.013999999999999999,0.26,0.26,0.0,3.44,0.86,5.85,2.52,159.96,219.14,0
27,1,1,1666,5,11,0.054000000000000006,17.64,17.64,0.0,1764.08,0.75,7.31,3.51,1.94,1.07,0
27,1,1,1670,5,12,0.035,2.99,2.99,0.0,355.85,0.69,9.89,4.5,0.45,0.6,0
27,1,1,1672,5,17,0.006,6.27,6.27,0.0,1471.83,0.54,5.95,7.12,0.0,0.0,2
27,1,1,1674,5,17,0.055,0.51,0.51,0.0,32.3,1.26,4.83,1.87,376.17,236.91,0
27,1,1,1681,5,17,0.055,9.44,9.44,0.0,1419.31,0.77,6.24,2.8,0.53,2.44,0
27,1,1,1682,5,23,0.085,0.43,0.43,0.0,106.1,0.77,7.75,5.9,76.97,1213.1,0
27,1,1,1683,5,25,0.55,1.39,1.39,0.0,44.81,0.8,6.15,1.85,1.05,31.27,0
27,1,1,1684,5,42,0.017,2.2,2.2,0.0,228.86,1.62,13.77,37.37,830.94,349.21,0
27,1,1,1685,5,43,0.004,0.74,0.74,0.0,60.77,0.49,3.36,1.54,0.0,0.0,2
27,1,1,1686,5,51,0.091,1.43,1.43,0.0,53.82,0.72,4.61,3.14,0.0,0.0,0
28,0,1,1687,2,8,0.021,0.6,0.6,0.0,1.84,0.44,3.64,0.72,0.0,0.0,0
28,0,1,1688,2,8,0.001,1.19,1.19,0.0,3.67,0.51,5.53,0.96,0.0,0.0,2
28,0,1,1689,2,9,0.081,0.4,0.4,0.0,6.61,0.34,2.36,0.87,0.73,59.72,0
28,0,1,1690,2,10,0.32,0.99,0.99,0.0,9.86,0.55,4.19,2.0,1.72,78.34,0
28,0,1,1696,2,19,0.009000000000000001,0.34,0.34,0.0,14.55,0.22,1.48,0.44,49.49,51.19,0
28,0,1,1697,2,19,0.009000000000000001,0.38,0.38,0.0,16.15,0.23,1.49,0.49,49.48,51.18,0
28,0,1,1698,2,19,0.009000000000000001,0.42,0.42,0.0,17.99,0.23,1.51,0.55,49.47,51.17,0
28,0,1,1699,2,19,0.009000000000000001,0.39,0.39,0.0,16.47,0.23,1.52,0.47,49.5,51.2,0
28,0,1,1700,2,19,0.009000000000000001,0.34,0.34,0.0,14.52,0.22,1.47,0.27,49.5,51.2,0
28,0,1,1701,2,19,0.009000000000000001,0.47,0.47,0.0,20.1,0.24,1.55,0.61,49.46,51.16,0
28,0,1,1702,2,19,0.0,0.86,0.86,0.0,36.73,0.31,2.54,0.46,49.49,51.19,2
28,0,1,1703,2,19,0.0,0.56,0.56,0.0,24.03,0.25,2.01,0.34,49.46,51.16,2
28,0,1,1704,2,19,0.0,0.91,0.91,0.0,38.86,0.31,2.45,0.45,49.48,51.18,2
28,0,1,1705,2,19,0.009000000000000001,0.28,0.28,0.0,0.98,0.3,2.44,0.62,0.0,0.0,0
28,0,1,1706,2,19,0.009000000000000001,0.35,0.35,0.0,1.04,0.3,2.11,0.36,39.25,63.65,0
28,0,1,1707,2,19,0.009000000000000001,0.37,0.37,0.0,1.1,0.38,3.31,0.74,39.68,64.34,0
28,0,1,1708,2,19,0.009000000000000001,0.31,0.31,0.0,2.89,0.26,1.92,0.56,21.48,178.03,0
28,0,1,1709,2,19,0.01,0.32,0.32,0.0,3.01,0.26,1.89,0.59,22.66,187.86,0
28,0,1,1710,2,19,0.0,0.64,0.64,0.0,5.94,0.33,2.56,1.2,44.11,365.63,2
28,0,1,1711,2,20,0.047,0.42,0.42,0.0,1.22,0.37,2.51,0.56,14.12,13.13,0
28,0,1,1712,2,20,0.003,0.9,0.9,0.0,2.6,0.55,4.28,1.12,14.09,13.09,2
28,0,1,1713,2,30,0.019,0.56,0.56,0.0,3.44,0.48,2.33,0.46,107.33,309.92,0
28,0,1,1714,2,30,0.019,0.61,0.61,0.0,3.74,0.47,2.35,0.45,107.3,309.83,0
28,0,1,1715,2,30,0.019,0.7,0.7,0.0,4.3,0.48,2.32,0.46,107.28,309.78,0
28,0,1,1716,2,30,0.019,0.31,0.31,0.0,1.93,0.3,2.28,0.47,107.31,309.87,0
28,0,1,1717,2,30,0.011000000000000001,0.53,0.53,0.0,3.29,0.35,2.73,0.67,107.29,309.82,2
28,0,1,1718,2,30,0.019,0.39,0.39,0.0,14.92,0.29,2.0,0.37,0.67,32.36,0
28,0,1,1719,2,30,0.019,0.28,0.28,0.0,1.73,0.3,3.06,0.9,354.87,1024.7,0
28,0,1,1720,2,39,0.003,0.22,0.22,0.0,5.6,0.36,1.61,0.49,23.59,14.34,0
28,0,1,1721,2,39,0.003,0.19,0.19,0.0,4.9,0.35,1.7,0.48,89.4,54.34,0
28,0,1,1722,2,39,0.003,0.2,0.2,0.0,8.37,0.38,1.73,0.49,155.65,49.57,0
28,0,1,1723,2,39,0.003,0.27,0.27,0.0,7.0,0.47,2.16,0.68,140.1,148.55,0
28,0,1,1724,2,39,0.003,0.27,0.27,0.0,11.16,0.47,2.12,0.67,140.1,94.39,0
28,0,1,1725,2,39,0.001,0.23,0.23,0.0,5.95,0.44,1.8,0.52,214.01,130.08,2
28,0,1,1726,2,39,0.001,0.31,0.31,0.0,12.83,0.44,1.89,0.66,335.3,225.89,2
28,0,1,1727,2,39,0.001,0.28,0.28,0.0,7.35,0.42,1.73,0.6,170.62,180.9,2
28,0,1,1728,2,39,0.001,0.28,0.28,0.0,11.72,0.42,1.68,0.58,170.62,114.95,2
28,0,1,1735,2,48,0.032,0.62,0.62,0.0,31.26,0.43,3.17,0.73,185.94,16734.28,0
28,0,1,1736,2,48,0.002,0.84,0.84,0.0,42.28,0.48,5.24,1.23,185.94,16733.69,2
28,0,1,1737,2,50,0.004,0.52,0.52,0.0,1.54,0.38,2.57,0.6,1.99,1.85,0
28,0,1,1738,2,50,0.002,0.72,0.72,0.0,2.16,0.44,3.91,0.97,1.98,1.84,2
28,0,1,1739,2,50,0.004,0.43,0.43,0.0,6.8,0.34,2.12,0.2,0.0,0.0,0
28,0,1,1741,2,54,0.002,0.92,0.92,0.0,2.16,0.43,1.54,0.29,36.85,169.82,0
28,0,1,1743,2,54,0.002,0.48,0.48,0.0,1.12,0.44,2.37,0.48,13.38,61.65,0
28,0,1,1747,2,55,0.057,0.33,0.33,0.0,2.07,0.44,2.12,0.36,267.88,9774.34,0
28,0,1,1748,2,55,0.057,0.35,0.35,0.0,2.2,0.33,2.19,0.74,0.72,26.4,0
28,0,1,1749,2,55,0.057,1.42,1.42,0.0,12.62,0.57,4.66,1.52,0.0,0.0,0
28,0,1,1750,2,55,0.001,0.91,0.91,0.0,14.02,0.56,3.91,1.16,347.98,1794.65,2
28,0,1,1751,2,55,0.057,0.31,0.31,0.0,18.57,0.35,3.12,0.68,256.87,18225.18,0
28,0,1,1752,2,55,0.001,0.85,0.85,0.0,40.83,0.44,3.48,1.14,232.93,22115.68,2
29,4,1,1758,101,27,0.57,6.86,6.86,0.0,154.59,1.6,6.83,0.79,403.46,12264.55,0
29,4,1,1759,101,27,0.24,0.23,0.23,0.0,5.12,1.69,6.7,0.97,765.52,23270.86,0
29,4,1,1763,86,48,0.01,1.59,1.59,0.0,66.92,8.3,11.64,5.69,108.93,8619.34,0
29,4,1,1765,101,48,0.14,0.36,0.36,0.0,5.37,1.04,8.14,17.42,157.29,13440.59,0
29,4,1,1768,101,54,0.006999999999999999,0.73,0.73,0.0,1.0,1.79,2.84,0.56,172.04,792.75,0
29,4,1,1769,86,54,0.019,1.52,1.52,0.0,3.55,8.41,3.71,4.56,10.95,50.46,0
29,4,1,1770,101,54,0.006999999999999999,0.71,0.71,0.0,0.97,1.21,8.55,3.07,145.21,669.12,0
30,42,0,1793,128,8,0.006,3.03,3.03,0.0,9.19,3.11,35.68,10.06,1.67,4.37,0
30,42,0,1794,129,19,0.037000000000000005,1.85,1.85,0.0,76.53,1.51,10.73,5.19,2.92,38.17,2
30,42,0,1795,129,19,0.018000000000000002,2.41,2.41,0.0,6.94,1.99,14.4,5.77,4.97,7.23,2
30,42,0,1796,129,19,0.027999999999999997,2.31,2.31,0.0,6.66,1.89,13.35,5.37,4.84,7.1,0
30,42,0,1797,129,19,0.13,1.72,1.72,0.0,71.06,1.56,10.87,5.38,2.82,35.55,0
30,42,0,1799,129,30,0.006999999999999999,1.84,1.84,0.0,77.1,1.83,11.75,4.05,2.93,52.08,0
30,42,0,1800,129,30,0.006999999999999999,2.36,2.36,0.0,99.13,2.16,13.0,4.63,3.31,58.67,0
30,42,0,1806,87,30,0.026000000000000002,1.89,1.89,0.0,100.67,1.42,10.33,3.83,1.63,28.99,2
30,42,0,1808,128,30,0.009000000000000001,2.09,2.09,0.0,111.7,1.67,10.55,2.85,7.17,526.55,2
30,42,0,1809,128,30,0.009000000000000001,1.72,1.72,0.0,91.92,1.57,9.95,2.68,6.2,438.95,2
30,42,0,1810,128,30,0.048,2.19,2.19,0.0,117.04,1.67,10.7,2.9,5.59,384.64,0
30,42,0,1811,128,30,0.048,1.9,1.9,0.0,101.2,1.63,10.33,2.78,6.16,435.45,0
30,42,0,1812,127,30,0.026000000000000002,1.69,1.69,0.0,89.89,1.75,14.57,1.8,220.25,21483.57,0
30,42,0,1813,87,30,0.01,2.29,2.29,0.0,96.11,1.21,12.66,4.15,1.63,28.99,2
30,42,0,1814,127,45,0.061,1.64,1.64,0.0,7.86,4.7,24.01,12.43,3.63,115.17,0
30,42,0,1818,87,48,0.052000000000000005,3.48,3.48,0.0,145.33,1.65,11.11,0.45,15.24,1486.14,0
30,42,0,1819,128,48,0.052000000000000005,2.2,2.2,0.0,10.61,4.67,32.35,10.3,14.97,413.87,0
30,42,0,1820,128,48,0.052000000000000005,1.37,1.37,0.0,6.6,1.81,13.21,4.16,4.53,60.4,0
30,42,0,1821,128,48,0.013000000000000001,3.74,3.74,0.0,18.0,1.28,8.04,2.2,2.48,53.73,2
30,42,0,1822,128,48,0.052000000000000005,2.74,2.74,0.0,13.22,1.31,9.18,2.31,2.87,54.8,0
30,42,0,1823,128,48,0.052000000000000005,1.61,1.61,0.0,7.75,1.61,13.66,4.93,3.14,55.53,0
30,42,0,1824,87,50,0.0,2.26,2.26,0.0,6.58,1.15,6.85,3.97,1.63,1.34,2
30,42,0,1825,87,50,0.0,2.36,2.36,0.0,6.87,1.16,6.58,4.39,1.63,1.34,2
30,42,0,1826,127,50,0.0,2.26,2.26,0.0,6.58,1.02,6.24,3.76,1.63,1.34,2
30,42,0,1827,127,50,0.0,1.44,1.44,0.0,4.2,1.11,6.24,4.64,1.63,1.34,2
30,42,0,1828,87,50,0.0,2.44,2.44,0.0,7.09,1.41,9.96,6.08,1.63,1.34,2
30,42,0,1829,87,50,0.0,2.93,2.93,0.0,8.54,1.36,9.43,5.7,1.63,1.34,2
30,42,0,1830,127,50,0.0,1.91,1.91,0.0,5.55,1.32,9.5,5.39,1.63,1.34,2
30,42,0,1831,87,50,0.0,1.91,1.91,0.0,5.55,1.14,7.86,4.41,1.63,1.34,2
30,42,0,1832,127,50,0.0,1.46,1.46,0.0,4.26,0.99,6.97,3.56,1.63,1.34,2
30,42,0,1833,127,50,0.0,1.81,1.81,0.0,5.28,1.01,7.12,4.02,1.63,1.34,2
30,42,0,1834,87,50,0.0,1.85,1.85,0.0,5.38,1.38,8.84,4.94,30.49,28.17,2
30,42,0,1835,87,50,0.0,4.01,4.01,0.0,11.65,1.59,9.08,7.06,64.11,59.42,2
30,42,0,1836,127,50,0.0,2.47,2.47,0.0,7.18,1.45,8.74,5.46,1.63,1.34,2
30,42,0,1837,127,50,0.0,2.0,2.0,0.0,5.83,1.28,8.17,4.6,1.63,1.34,2
30,42,0,1838,87,50,0.001,2.51,2.51,0.0,7.3,1.89,9.31,6.22,1.63,1.34,0
30,42,0,1839,87,50,0.001,2.59,2.59,0.0,7.54,1.82,8.79,5.86,1.63,1.34,0
30,42,0,1840,127,50,0.001,1.85,1.85,0.0,5.38,1.71,8.4,5.05,1.63,1.34,0
30,42,0,1841,127,50,0.001,2.74,2.74,0.0,7.97,1.94,9.32,6.6,1.63,1.34,0
30,42,0,1842,87,50,0.001,2.78,2.78,0.0,8.07,2.08,12.81,7.27,1.63,1.34,0
30,42,0,1843,127,50,0.001,1.83,1.83,0.0,5.33,1.93,12.06,6.49,5.72,5.14,0
30,42,0,1844,87,50,0.001,2.77,2.77,0.0,8.06,1.65,7.27,5.74,1.63,1.34,0
30,42,0,1845,127,50,0.001,1.45,1.45,0.0,4.21,1.27,5.61,3.53,1.63,1.34,0
30,42,0,1846,87,50,0.001,2.03,2.03,0.0,5.92,1.58,7.98,5.56,1.63,1.34,0
30,42,0,1847,127,50,0.001,1.53,1.53,0.0,4.44,1.49,7.62,4.81,1.63,1.34,0
30,42,0,1848,129,55,0.12,1.26,1.26,0.0,18.82,1.14,10.78,3.48,336.19,1741.11,0
30,42,0,1849,129,55,0.006,1.26,1.26,0.0,18.82,1.08,11.24,3.7,336.19,1741.11,2
30,42,0,1850,129,55,0.12,1.31,1.31,0.0,19.64,1.01,8.91,3.61,311.32,1612.86,0
30,42,0,1851,129,55,0.006,1.51,1.51,0.0,22.58,0.97,10.78,3.74,249.0,1291.44,2
31,25,1,1858,77,30,0.001,0.48,0.48,0.0,2.75,0.8,6.84,1.8,117.77,340.06,2
31,25,1,1862,74,19,0.0,1.07,1.07,0.0,10.46,0.62,4.62,3.1,189.1,1567.4,2
31,25,1,1863,74,19,0.009000000000000001,0.63,0.63,0.0,6.16,0.58,4.22,2.11,110.27,913.98,0
31,25,1,1866,75,22,0.0,0.42,0.42,0.0,1.79,0.59,5.34,1.44,260.6,1328.74,0
31,25,1,1867,75,22,0.003,0.44,0.44,0.0,19.03,0.57,5.7,1.77,301.23,27675.72,0
31,25,1,1868,75,22,0.003,1.53,1.53,0.0,66.06,0.72,7.22,1.99,260.65,1328.99,2
31,25,1,1869,64,27,0.016,0.68,0.68,0.0,25.11,0.25,6.06,1.89,274.26,23872.76,0
31,25,1,1870,75,30,0.013000000000000001,1.03,1.03,0.0,5.98,0.7,7.64,2.69,46.72,459.9,0
31,25,1,1871,75,30,0.013000000000000001,0.8,0.8,0.0,44.02,1.18,6.15,2.79,1540.24,142268.55,0
31,25,1,1873,75,47,0.003,1.14,1.14,0.0,72.86,0.6,4.57,2.1,442.69,16869.23,0
31,25,1,1874,75,48,0.02,0.4,0.4,0.0,19.79,0.56,3.12,0.67,296.68,26699.93,0
31,25,1,1875,4,1,0.001,1.17,1.17,0.0,22.86,0.94,8.85,5.2,757.11,4657.98,0
31,25,1,1885,52,22,0.002,0.58,0.58,0.0,27.41,1.3,6.4,14.71,590.35,3010.12,0
31,25,1,1886,52,27,0.0,1.39,1.39,0.0,51.16,0.51,17.18,18.95,1028.87,32135.13,0
31,25,1,1887,52,27,0.0,1.38,1.38,0.0,50.87,0.48,16.94,18.9,1028.93,32137.18,0
31,25,1,1888,52,27,0.0,1.31,1.31,0.0,48.41,0.71,18.35,20.09,1028.88,32135.38,0
31,25,1,1900,18,6,0.26,1.06,1.06,0.0,29.43,2.94,5.62,2.16,0.34,3.62,0
31,25,1,1901,122,27,0.16,0.55,0.55,0.0,0.98,0.85,5.23,1.22,325.97,4973.68,0
31,25,1,1902,122,27,0.16,1.24,1.24,0.0,27.99,0.73,5.79,2.08,0.0,0.0,0
31,25,1,1903,122,27,0.16,1.37,1.37,0.0,30.99,1.0,8.66,4.32,85.61,2602.4,0
31,25,1,1904,62,48,0.17,0.21,0.21,0.0,3.69,0.55,4.19,1.01,181.0,18050.02,0
32,12,6,1905,33,6,0.16,8.4,8.4,0.0,276.64,4.73,52.73,41.13,10.41,19.56,0
32,12,6,1906,33,6,0.16,11.88,11.88,0.0,391.33,7.37,69.97,45.55,34.55,78.78,0
32,12,6,1914,33,12,0.004,22.07,22.07,0.0,2194.46,6.1,33.35,192.39,10.41,5.08,2
32,12,6,1915,33,12,0.004,16.05,16.05,0.0,1595.97,7.13,127.11,177.96,10.41,5.08,2
32,12,6,1916,33,12,0.004,15.13,15.13,0.0,1504.77,8.63,58.55,143.17,10.41,5.08,0
32,12,6,1917,33,12,0.004,10.7,10.7,0.0,1063.98,9.73,73.79,112.48,10.41,5.08,0
32,12,6,1918,33,26,0.3,40.05,40.05,0.0,12196.61,84.59,105.05,268.8,38.28,811.17,0
32,12,6,1923,33,40,0.005,22.53,22.53,0.0,6503.75,37.93,46.4,22.74,10.41,27.83,2
32,12,6,1924,33,40,0.005,16.55,16.55,0.0,4776.19,31.38,181.56,59.91,10.41,27.83,2
32,12,6,1925,33,40,0.005,19.26,19.26,0.0,5557.75,34.39,37.77,15.58,10.41,27.83,0
32,12,6,1926,33,40,0.005,14.92,14.92,0.0,4305.3,29.13,53.35,20.33,10.41,27.83,0
32,12,6,1932,33,56,0.34,9.58,9.58,0.0,436.83,6.51,87.64,50.0,33.28,501.22,0
33,14,6,1936,32,6,0.059000000000000004,103.72,103.72,0.0,3929.73,10.74,123.35,40.11,132.41,320.94,0
33,14,6,1941,32,15,0.46,53.8,53.8,0.0,1212.09,4.88,59.24,67.21,31.16,220.56,0
33,14,6,1943,32,21,0.057,39.66,39.66,0.0,1663.48,2.0,6.27,3.38,7.56,153.48,0
33,14,6,1944,32,21,0.057,55.74,55.74,0.0,2338.08,2.3,10.07,36.47,7.56,153.48,0
33,14,6,1945,32,21,0.057,62.93,62.93,0.0,2639.72,3.54,8.17,4.98,7.56,153.48,0
33,14,6,1946,32,21,0.057,77.91,77.91,0.0,1354.97,2.81,72.84,93.03,265.8,5934.7,0
33,14,6,1948,32,26,0.099,111.57,111.57,0.0,60168.59,257.95,167.5,237.74,68.05,1625.52,0
33,14,6,1949,32,26,0.099,44.84,44.84,0.0,32679.49,134.05,6.9,96.89,22.82,751.16,0
34,5,4,1975,7,6,0.18,742.89,0.0,742.89,1408.28,205.32,437.14,388.3,716.47,450.8,0
34,5,4,1976,7,6,0.024,66.45,0.0,66.45,125.96,55.77,273.14,114.19,330.12,228.71,0
34,5,4,1977,7,6,0.073,1971.94,0.0,1971.94,20348.71,374.22,73.56,276.54,573.22,281.0,0
34,5,4,1978,7,6,0.18,881.83,0.0,881.83,9099.69,266.38,669.06,345.21,470.09,238.31,0
34,5,4,1979,7,6,0.055,271.51,0.0,271.51,2801.75,145.31,430.79,181.6,367.32,195.78,0
34,5,4,1980,7,6,0.037000000000000005,131.33,0.0,131.33,1355.22,111.68,415.68,158.03,305.91,170.36,0
34,5,4,2004,7,19,0.01,64.89,18.18,46.72,223.1,43.97,235.48,132.45,230.25,1732.07,0
34,5,4,2005,7,19,0.01,63.72,17.85,45.87,224.07,43.9,239.79,132.45,245.39,1857.59,0
34,5,4,2006,7,19,0.01,62.54,16.22,46.32,146.69,43.56,232.61,125.28,176.13,1283.47,0
34,5,4,2007,7,19,0.01,62.8,17.05,45.75,144.19,42.02,239.79,132.45,205.38,1525.97,0
34,5,4,2008,7,19,0.01,70.17,21.37,48.81,232.55,47.86,250.41,128.58,228.74,1719.59,0
34,5,4,2009,7,19,0.01,63.29,20.51,42.78,219.31,48.17,248.97,128.29,228.74,1719.59,0
34,5,4,2010,7,19,0.01,71.14,19.89,51.25,244.12,48.14,253.14,142.22,228.74,1719.59,0
34,5,4,2011,7,19,0.01,63.88,21.82,42.06,227.77,47.12,244.81,137.33,276.13,2112.36,0
34,5,4,2012,7,19,0.01,69.32,20.8,48.52,227.17,47.96,250.27,141.5,239.13,1805.64,0
34,5,4,2013,7,19,0.01,63.36,20.58,42.78,215.8,45.15,233.04,132.02,213.7,1594.86,0
34,5,4,2014,7,19,0.01,70.38,21.0,49.38,170.35,48.71,254.29,142.65,228.74,1719.59,0
34,5,4,2015,7,19,0.01,70.2,21.39,48.81,177.28,48.3,251.99,142.5,234.38,1766.31,0
34,5,4,2016,7,19,0.01,69.85,21.18,48.66,204.44,46.63,258.59,153.13,171.11,1241.85,0
34,5,4,2017,7,19,0.01,56.85,19.1,37.75,147.08,51.52,222.42,103.74,228.33,1716.2,0
34,5,4,2035,7,49,0.001,172.57,31.09,141.48,89.58,50.22,178.03,80.83,658.88,1857.17,2
35,6,4,2073,7,19,0.11,65.31,34.91,30.41,143.9,73.92,533.18,204.03,3088.42,86399.99,0
35,6,4,2074,7,19,0.11,48.57,25.75,22.82,104.98,55.01,385.56,147.5,1984.28,54119.97,0
35,6,4,2075,7,19,0.11,44.43,27.85,16.57,126.38,53.19,328.37,154.88,3140.91,112868.45,0
35,6,4,2076,7,19,0.11,35.24,25.95,9.29,146.82,46.67,301.18,140.61,2055.71,60492.46,0
35,6,4,2077,7,19,0.11,45.78,29.46,16.32,122.2,51.81,324.36,157.03,3167.54,120025.98,0
35,6,4,2078,7,19,0.11,40.53,30.01,10.52,195.15,46.04,304.97,150.6,2141.83,65250.33,0
35,6,4,2080,7,35,0.14,104.68,0.45,104.23,2700.26,26.79,464.59,1545.26,8340.28,168179.14,0
35,6,4,2081,7,35,0.14,353.4,0.5,352.89,9577.9,41.86,1155.19,2637.27,9328.98,43897.44,0
35,6,4,2088,7,49,0.012,47.68,47.68,0.0,62.09,38.22,138.07,87.16,4908.96,149060.98,0
35,6,4,2089,7,49,0.012,47.2,47.2,0.0,23.12,36.95,136.28,90.88,5370.64,165880.7,0
35,6,4,2090,7,49,0.009000000000000001,64.0,36.71,27.3,33.95,38.13,322.44,148.07,2487.85,51125.07,2
36,18,4,2105,63,1,0.5,43.66,43.66,0.0,558.23,31.97,140.5,23.53,86.27,995.28,0
36,18,4,2106,63,1,0.5,43.66,43.66,0.0,558.23,29.84,139.99,23.48,86.27,995.28,0
37,30,4,2140,80,2,0.034,12.85,12.85,0.0,245.88,10.99,104.0,62.36,1484.13,46991.24,0
37,30,4,2141,80,6,0.14,7.39,7.39,0.0,341.5,8.6,117.53,54.15,977.23,30492.34,0
37,30,4,2142,80,6,0.035,7.39,7.39,0.0,341.5,7.73,119.74,54.64,977.23,30492.34,0
37,30,4,2143,80,6,0.14,19.02,19.02,0.0,787.73,22.73,467.3,236.7,85.01,51.63,0
37,30,4,2146,80,13,0.01,32.38,32.38,0.0,401.78,20.68,214.51,115.98,1445.89,20555.89,0
37,30,4,2147,80,16,0.0,15.22,15.22,0.0,46.54,9.54,113.56,54.9,1569.82,32595.68,2
37,30,4,2148,80,16,0.0,20.09,20.09,0.0,61.76,10.66,121.01,76.84,1572.77,32618.86,2
37,30,4,2149,80,16,0.0,18.78,18.78,0.0,57.37,9.4,101.92,55.1,1567.08,32574.17,2
37,30,4,2155,80,16,0.045,9.85,9.85,0.0,32.07,8.04,71.28,29.43,2151.48,55363.75,0
37,30,4,2156,80,19,0.026000000000000002,16.86,16.86,0.0,156.42,10.22,102.79,46.91,3366.36,119977.55,0
37,30,4,2157,80,19,0.004,17.06,17.06,0.0,176.89,12.63,57.89,37.89,2849.58,104796.3,0
37,30,4,2158,80,19,0.0,24.31,24.31,0.0,156.93,13.94,89.26,59.37,3209.2,84170.98,2
37,30,4,2159,80,19,0.0,265.85,16.38,249.46,2638.27,15.19,124.44,122.49,3590.19,48510.63,0
37,30,4,2160,80,19,0.0,286.68,20.63,266.05,2825.08,13.07,97.71,125.11,6318.16,69851.46,0
37,30,4,2167,80,20,0.04,12.84,12.84,0.0,178.23,9.58,78.96,36.66,1597.8,45965.62,0
37,30,4,2168,80,20,0.04,13.03,13.03,0.0,180.98,9.26,77.14,34.42,1962.89,64450.35,0
37,30,4,2169,80,20,0.04,12.92,12.92,0.0,179.41,9.23,77.14,34.25,1932.23,62819.26,0
37,30,4,2170,80,20,0.04,12.38,12.38,0.0,171.93,8.6,71.69,30.2,1281.95,32366.0,0
37,30,4,2178,80,35,0.032,16.64,16.64,0.0,61.42,18.13,154.17,50.87,2064.09,74705.15,0
37,30,4,2179,80,35,0.032,17.96,17.96,0.0,66.3,13.05,129.35,47.6,2256.54,81693.68,0
37,30,4,2181,80,38,0.023,34.35,34.35,0.0,496.54,22.42,123.2,134.14,4542.57,190374.69,0
37,30,4,2188,80,45,0.021,12.72,12.72,0.0,192.76,10.32,91.34,155.26,5214.66,236070.73,0
37,30,4,2189,80,48,0.092,23.82,23.82,0.0,346.74,12.32,132.44,68.37,3166.49,141634.87,0
37,30,4,2190,80,48,0.092,31.48,31.48,0.0,458.29,12.75,129.96,79.47,2532.95,101918.69,0
37,30,4,2191,80,49,0.0,41.1,41.1,0.0,264.29,15.74,120.89,53.64,1029.44,21478.53,2
37,30,4,2192,80,49,0.002,23.47,23.47,0.0,220.11,16.8,86.58,51.11,1193.19,2417.39,0
37,30,4,2193,80,49,0.0,41.26,41.26,0.0,25.1,16.31,99.01,97.99,1230.29,10091.33,2
37,30,4,2194,80,49,0.0,42.6,42.6,0.0,26.05,16.82,92.31,63.45,2024.74,49652.75,2
37,30,4,2197,80,49,0.002,25.25,25.25,0.0,371.49,19.2,86.51,44.26,1261.38,3157.87,0
37,30,4,2198,80,49,0.002,30.48,30.48,0.0,18.89,11.79,90.01,45.82,1337.48,3354.21,0
37,30,4,2199,80,49,0.002,24.82,24.82,0.0,15.38,10.72,71.27,37.25,1243.49,3119.21,0
37,30,4,2205,80,54,0.006999999999999999,11.97,11.97,0.0,76.72,12.33,88.02,34.87,1161.61,31233.84,0
37,30,4,2206,80,54,0.0,29.04,29.04,0.0,128.93,12.91,93.0,73.96,2354.8,86124.15,2
37,30,4,2207,80,54,0.013999999999999999,15.98,15.98,0.0,222.88,12.85,110.61,48.89,2948.84,117119.61,0
37,30,4,2208,80,54,0.006999999999999999,16.19,16.19,0.0,226.29,13.38,129.85,51.36,2946.67,117943.32,0
37,30,4,2209,80,54,0.006999999999999999,16.07,16.07,0.0,224.71,13.17,123.39,50.45,2953.13,117534.94,0
37,30,4,2211,80,55,0.073,12.2,12.2,0.0,44.28,12.03,62.68,43.74,188.54,6700.56,0
38,32,4,2218,26,6,0.22,6.51,6.51,0.0,92.24,5.33,43.22,33.04,367.09,330.92,0
38,32,4,2219,26,6,0.22,7.16,7.16,0.0,75.11,4.03,51.23,34.02,361.23,218.61,0
38,32,4,2220,26,6,0.22,13.5,13.5,0.0,675.69,20.39,194.15,60.55,19.12,21.13,0
38,32,4,2227,26,19,0.01,14.88,14.88,0.0,211.73,10.29,125.25,50.22,764.49,22063.42,0
38,32,4,2228,26,19,0.01,14.36,14.36,0.0,204.29,9.79,112.94,49.6,704.79,17429.06,0
38,32,4,2229,26,19,0.01,14.65,14.65,0.0,208.43,9.18,111.26,52.07,824.32,21540.18,0
38,32,4,2230,26,19,0.01,12.96,12.96,0.0,184.44,9.11,110.14,48.54,962.63,30825.91,0
38,32,4,2231,26,19,0.01,7.24,7.24,0.0,198.88,11.69,70.44,26.88,1050.89,29651.79,0
38,32,4,2232,26,19,0.01,10.76,10.76,0.0,287.63,16.1,104.66,40.89,1106.18,20398.53,0
38,32,4,2233,26,19,0.0,22.91,22.91,0.0,61.75,9.04,106.47,50.67,3597.99,149220.51,2
38,32,4,2234,39,19,0.022000000000000002,10.71,10.71,0.0,211.47,14.12,121.4,42.68,1376.46,37230.84,0
38,32,4,2235,120,19,0.031,11.11,11.11,0.0,334.43,17.5,101.73,42.14,1579.16,50514.81,0
38,32,4,2236,120,19,0.001,15.16,15.16,0.0,456.69,23.33,150.66,60.54,2154.98,68991.76,0
38,32,4,2237,26,19,0.01,7.19,7.19,0.0,170.5,6.11,63.47,32.3,712.23,13382.64,0
38,32,4,2238,26,19,0.01,10.86,10.86,0.0,197.02,7.5,107.53,45.83,1194.02,21310.54,0
38,32,4,2241,26,33,0.038,9.12,9.12,0.0,98.36,9.19,51.15,24.32,464.5,8975.74,0
38,32,4,2242,26,33,0.057,9.72,9.72,0.0,104.99,9.51,54.14,25.79,495.14,9570.44,0
38,32,4,2247,26,49,0.009000000000000001,11.24,11.24,0.0,159.84,5.53,53.98,24.8,1372.09,52605.82,0
38,32,4,2251,26,54,0.11,11.77,11.77,0.0,167.44,9.73,71.54,32.97,1600.1,66435.05,0
38,32,4,2252,26,54,0.001,15.13,15.13,0.0,215.29,11.09,89.04,38.97,1837.03,75382.27,0
38,32,4,2253,26,54,0.001,52.54,52.54,0.0,747.52,14.86,131.95,76.31,3780.44,171337.17,2
38,32,4,2254,120,54,0.001,19.48,19.48,0.0,277.07,13.45,171.76,66.81,4710.25,214879.15,0
38,32,4,2255,120,54,0.001,16.57,16.57,0.0,235.72,12.22,155.61,61.51,4258.24,194100.81,0
38,32,4,2256,120,54,0.001,18.02,18.02,0.0,256.4,13.01,156.88,65.65,4710.1,214878.43,0
38,32,4,2257,120,54,0.001,15.12,15.12,0.0,215.04,11.58,142.46,56.63,3955.44,180241.86,0
39,20,2,2275,37,6,0.22,3.53,2.85,0.67,84.53,5.67,27.26,15.36,128.96,307.76,3
39,20,2,2276,37,8,0.001,4.84,4.84,0.0,23.27,3.36,20.09,5.96,142.45,4469.2,1
39,20,2,2277,37,8,0.001,4.97,3.6,1.36,5.55,2.86,17.78,5.72,286.21,11925.4,3
39,20,2,2304,37,16,0.001,2.38,1.19,1.19,5.58,2.68,22.69,9.8,231.75,2841.08,3
39,20,2,2305,37,16,0.001,2.24,1.2,1.04,8.33,2.28,21.0,8.73,301.15,7270.48,3
39,20,2,2306,37,16,0.01,1.76,1.4,0.36,6.1,2.96,25.92,12.16,435.84,7321.41,3
39,20,2,2307,37,16,0.01,1.41,0.86,0.55,4.93,2.45,22.04,9.81,452.2,7774.83,3
39,20,2,2308,37,16,0.01,2.26,2.26,0.0,20.07,3.1,26.66,10.46,527.75,20133.57,1
39,20,2,2312,37,19,0.027000000000000003,1.73,0.92,0.81,3.42,2.42,16.25,6.0,223.8,6221.33,3
39,20,2,2313,37,19,0.027000000000000003,1.78,0.95,0.84,3.52,2.44,16.2,6.0,204.98,5624.54,3
39,20,2,2314,37,19,0.027000000000000003,1.63,1.03,0.61,4.32,2.37,14.04,6.25,328.2,11829.14,3
39,20,2,2315,37,19,0.027000000000000003,1.36,1.0,0.36,5.17,2.2,13.62,6.01,206.62,6115.93,3
39,20,2,2316,37,19,0.027000000000000003,1.7,1.1,0.61,4.16,2.35,14.09,6.44,331.0,12579.55,3
39,20,2,2317,37,19,0.027000000000000003,1.55,1.15,0.4,6.83,2.19,13.78,6.4,215.33,6597.39,3
39,20,2,2321,37,20,0.054000000000000006,1.36,1.36,0.0,10.44,2.32,21.62,8.83,458.51,18961.17,1
39,20,2,2322,37,20,0.054000000000000006,1.83,0.12,1.71,2.26,1.45,10.55,5.7,54.15,1529.68,3
39,20,2,2326,37,28,0.002,0.8,0.33,0.48,1.8,1.7,9.7,4.24,28.23,728.96,3
39,20,2,2327,37,28,0.002,1.21,1.17,0.03,10.6,1.9,15.01,5.52,222.54,8868.32,3
39,20,2,2336,37,30,0.006999999999999999,1.93,1.93,0.0,24.58,2.5,22.76,8.96,514.13,23828.59,1
39,20,2,2337,37,30,0.006999999999999999,1.43,1.43,0.0,18.08,3.33,33.48,14.12,275.37,12827.76,1
39,20,2,2338,37,30,0.006999999999999999,1.61,1.61,0.0,20.64,2.58,23.31,9.31,585.34,27087.4,1
39,20,2,2339,37,30,0.006999999999999999,1.45,1.45,0.0,18.58,2.25,20.67,7.94,739.81,34159.11,1
39,20,2,2340,37,30,0.006999999999999999,1.01,1.01,0.0,12.94,2.06,19.37,7.16,783.33,35928.94,1
39,20,2,2351,37,35,0.35,3.53,3.53,0.0,138.89,2.78,22.51,11.98,198.82,3245.52,1
39,20,2,2353,37,38,0.021,1.32,1.13,0.19,8.86,2.0,25.53,23.24,377.53,11912.54,3
39,20,2,2367,37,43,0.044000000000000004,27.08,4.55,22.53,2485.1,14.58,18.89,18.55,982.88,237.5,3
39,20,2,2368,37,43,0.011000000000000001,5.31,5.31,0.0,107.7,6.07,11.21,6.22,4233.62,90838.07,1
40,10,4,2411,36,38,0.013000000000000001,6.9,5.92,0.98,45.16,9.58,132.56,122.31,2006.75,63234.37,0
40,10,4,2439,37,6,0.22,31.43,25.42,6.01,746.8,46.59,228.43,137.84,1140.0,2725.52,3
40,10,4,2440,37,8,0.001,44.88,44.88,0.0,222.74,27.34,172.03,55.95,1311.89,41450.89,1
40,10,4,2441,37,8,0.001,46.09,33.45,12.64,53.14,22.73,150.58,53.68,2646.11,110650.09,3
40,10,4,2468,37,16,0.001,21.24,10.63,10.6,49.14,20.18,188.56,88.14,2054.83,25257.23,3
40,10,4,2469,37,16,0.001,19.95,10.7,9.25,73.46,16.61,173.46,78.58,2672.83,64701.76,3
40,10,4,2470,37,16,0.01,15.71,12.5,3.21,53.74,22.73,217.3,109.13,3872.27,65155.36,3
40,10,4,2471,37,16,0.01,12.55,7.69,4.87,43.48,18.16,182.8,88.23,4017.99,69193.14,3
40,10,4,2472,37,16,0.01,20.11,20.11,0.0,176.88,23.94,223.88,94.01,4690.82,179249.85,1
40,10,4,2475,37,19,0.027000000000000003,15.58,8.3,7.27,30.98,18.11,132.87,54.9,2010.63,56131.59,3
40,10,4,2476,37,19,0.027000000000000003,16.09,8.53,7.56,31.88,18.33,132.4,54.9,1840.85,50745.03,3
40,10,4,2477,37,19,0.027000000000000003,14.73,9.26,5.47,39.15,17.65,112.93,57.18,2953.02,106747.19,3
40,10,4,2478,37,19,0.027000000000000003,12.26,9.03,3.23,46.81,16.17,109.14,55.0,1855.59,55180.24,3
40,10,4,2479,37,19,0.027000000000000003,15.38,9.9,5.48,37.63,17.53,113.41,58.89,2978.22,113520.34,3
40,10,4,2480,37,19,0.027000000000000003,14.02,10.38,3.64,61.86,16.06,110.56,58.51,1934.25,59525.9,3
40,10,4,2483,37,20,0.053,12.38,12.38,0.0,95.53,17.34,182.28,80.84,4150.91,172036.15,1
40,10,4,2484,37,20,0.053,16.58,1.09,15.49,20.67,9.42,81.83,52.45,481.86,13868.1,3
40,10,4,2488,37,28,0.002,7.53,3.07,4.46,17.57,12.02,76.34,40.34,254.32,6830.37,3
40,10,4,2489,37,28,0.002,11.33,11.01,0.32,103.62,13.94,126.13,52.28,2077.0,83179.57,3
40,10,4,2497,37,30,0.006999999999999999,17.53,17.53,0.0,225.79,19.01,192.99,82.21,4664.56,216463.29,1
40,10,4,2498,37,30,0.006999999999999999,12.99,12.99,0.0,166.08,26.55,290.41,129.12,2493.95,116451.46,1
40,10,4,2499,37,30,0.006999999999999999,14.64,14.64,0.0,189.62,19.68,197.97,85.4,5311.97,246090.04,1
40,10,4,2500,37,30,0.006999999999999999,13.14,13.14,0.0,170.67,16.67,174.0,72.9,6716.25,310381.02,1
40,10,4,2501,37,30,0.006999999999999999,9.17,9.17,0.0,118.88,15.0,162.12,65.86,7111.96,326471.12,1
40,10,4,2512,37,35,0.35,31.77,31.77,0.0,1290.05,20.98,187.61,108.61,1778.26,28989.34,1
40,10,4,2514,37,38,0.013000000000000001,11.69,10.03,1.66,77.46,17.79,225.97,208.92,3340.4,105671.58,3
40,10,4,2528,37,43,0.044000000000000004,289.01,48.54,240.47,31459.31,150.52,182.45,197.72,10473.69,2274.44,3
40,10,4,2529,37,43,0.011000000000000001,56.66,56.66,0.0,1363.41,59.78,100.45,66.13,45167.23,969209.82,1
41,15,4,2564,27,19,0.094,3.73,3.73,0.0,87.14,4.64,43.64,14.36,457.84,11743.56,0
41,15,4,2565,27,19,0.015,4.49,4.49,0.0,104.91,5.85,54.11,17.77,550.76,14133.4,0
41,15,4,2566,27,19,0.032,4.25,4.25,0.0,111.61,5.83,44.7,16.32,701.27,21502.63,0
41,15,4,2567,27,19,0.01,8.66,8.66,0.0,21.39,2.56,38.12,17.89,1411.1,56161.4,2
41,15,4,2581,27,49,0.017,11.36,11.36,0.0,65.18,4.2,39.31,20.89,777.93,25500.89,2
41,15,4,2582,27,49,0.16,5.94,5.94,0.0,43.77,3.28,25.8,14.48,1035.56,38868.13,0
41,15,4,2583,27,49,0.16,5.71,5.71,0.0,42.55,2.95,20.26,11.97,938.03,35439.52,0
41,15,4,2584,27,54,0.19,5.71,5.71,0.0,74.41,3.84,53.5,19.4,740.73,29533.13,0
41,15,4,2585,27,54,0.013999999999999999,5.99,5.99,0.0,78.13,4.41,59.26,21.31,803.99,32066.92,0
41,15,4,2586,27,54,0.13,7.28,7.28,0.0,94.87,4.44,63.73,23.07,855.18,34116.22,0
41,15,4,2587,27,54,0.013999999999999999,24.12,24.12,0.0,314.37,5.82,88.75,39.16,2145.41,97886.67,2
41,15,4,2589,27,55,0.17,5.5,5.5,0.0,17.69,2.87,78.12,21.27,643.87,24888.76,0
42,16,4,2590,46,6,0.048,27.01,27.01,0.0,1132.89,34.78,93.39,58.14,16248.32,8457.93,0
42,16,4,2591,46,6,0.048,26.26,26.26,0.0,1118.57,32.3,94.33,61.12,11893.6,6194.17,0
42,16,4,2592,46,6,0.048,27.27,27.27,0.0,1109.46,32.03,97.27,70.79,10826.0,5639.19,0
42,16,4,2593,114,7,0.0,17.73,17.73,0.0,1484.56,87.78,149.37,3505.64,9582.98,9944.75,0
42,16,4,2594,114,7,0.0,14.7,14.7,0.0,1412.24,40.37,91.25,1237.24,11590.21,12020.48,0
42,16,4,2595,114,7,0.0,10.84,10.84,0.0,1455.47,34.94,75.85,1556.33,20031.12,12353.76,0
42,16,4,2596,114,7,0.0,7.59,7.59,0.0,1018.32,28.01,59.91,614.77,19242.93,11869.17,0
42,16,4,2598,113,10,0.09,3.69,3.69,0.0,56.67,14.23,82.35,155.74,3446.41,84956.49,0
42,16,4,2599,113,10,0.095,4.46,4.46,0.0,68.57,17.0,97.82,205.66,3940.22,120318.82,0
42,16,4,2600,113,10,0.08800000000000001,4.07,4.07,0.0,62.62,13.23,87.22,172.79,3105.83,135696.05,0
42,16,4,2601,113,10,0.04,3.69,3.69,0.0,56.67,16.72,85.4,171.57,4408.79,84756.32,0
42,16,4,2603,83,19,0.002,7.26,7.26,0.0,110.47,10.63,87.66,153.64,135.95,786.97,0
42,16,4,2604,119,19,0.002,5.12,5.12,0.0,138.93,8.84,56.8,98.51,318.82,2827.38,0
42,16,4,2605,119,19,0.002,7.12,7.12,0.0,132.81,9.78,57.56,110.66,303.07,3017.06,0
42,16,4,2612,91,19,0.075,0.82,0.82,0.0,12.41,13.27,95.65,27.45,601.71,14942.7,0
42,16,4,2613,90,19,0.0,1.97,1.97,0.0,14.1,8.14,60.92,19.93,839.51,22269.41,0
42,16,4,2614,35,19,0.019,94.56,94.56,0.0,720.86,38.97,77.64,47.82,45248.93,61658.61,0
42,16,4,2615,34,19,0.019,173.63,173.63,0.0,1309.04,68.72,129.59,57.76,60809.14,121531.73,0
42,16,4,2624,119,43,0.003,26.94,26.94,0.0,569.0,15.34,146.45,226.28,1147.83,24725.79,0
42,16,4,2625,119,43,0.003,19.08,19.08,0.0,402.93,14.14,88.88,179.52,1409.84,44564.1,0
42,16,4,2626,119,43,0.003,19.21,19.21,0.0,405.68,14.94,100.98,213.17,786.07,26653.84,0
42,16,4,2627,111,43,0.008,41.21,41.21,0.0,977.8,31.38,111.59,242.18,108722.88,56453.6,0
42,16,4,2628,111,43,0.008,22.68,22.68,0.0,586.34,29.05,96.82,194.45,110939.56,129472.81,0
42,16,4,2629,113,43,0.0,93.45,93.45,0.0,2048.36,31.05,116.48,244.05,21297.42,182625.1,0
42,16,4,2630,113,43,0.0,93.52,93.52,0.0,1978.31,32.43,138.58,249.22,6270.3,123606.42,0
42,16,4,2631,113,43,0.0,18.41,18.41,0.0,392.0,24.35,173.88,169.32,5594.82,102861.28,0
42,16,4,2632,113,51,0.032,0.93,0.93,0.0,15.51,20.08,110.33,147.37,2924.24,48150.32,0
42,16,4,2633,113,51,0.011000000000000001,1.02,1.02,0.0,16.9,17.97,114.94,231.68,3741.7,60464.66,0
42,16,4,2636,90,54,0.016,4.3,4.3,0.0,113.95,8.69,51.24,84.8,1156.33,830.05,0
42,16,4,2637,90,54,0.016,6.64,6.64,0.0,140.99,8.31,59.04,91.94,919.61,1307.35,0
42,16,4,2640,73,56,0.13,0.27,0.27,0.0,4.59,12.95,76.16,129.2,3344.9,121059.23,0
42,16,4,2641,73,56,0.12,0.33,0.33,0.0,5.57,13.58,80.55,132.52,3321.64,127755.52,0
42,16,4,2642,73,56,0.071,0.3,0.3,0.0,5.02,12.04,72.04,114.46,2940.07,113381.2,0
43,13,4,2644,45,3,0.038,2.41,2.41,0.0,40.34,82.75,393.49,900.4,34806.78,1308548.04,0
43,13,4,2645,45,3,0.027000000000000003,2.31,2.31,0.0,38.8,94.58,487.8,1147.46,28834.32,980850.54,0
43,13,4,2646,112,3,0.018000000000000002,0.26,0.26,0.0,4.43,17.51,105.78,132.12,5337.93,67788.09,0
43,13,4,2647,112,3,0.01,0.08,0.08,0.0,1.27,48.11,166.35,250.87,13549.98,547706.89,0
43,13,4,2648,112,3,0.001,1.35,1.35,0.0,22.66,30.88,218.16,493.95,2998.44,91349.07,0
43,13,4,2649,45,3,0.049,1.93,1.93,0.0,32.33,43.6,307.15,703.81,4320.62,133713.47,0
43,13,4,2650,1,6,0.001,24.6,24.6,0.0,754.99,87.75,281.92,628.27,10474.68,12574.03,0
43,13,4,2651,1,6,0.0,25.13,25.13,0.0,775.73,69.55,285.99,123.52,10474.68,12574.03,0
43,13,4,2652,44,6,0.001,14.25,14.25,0.0,446.36,48.54,168.53,407.22,6634.04,7888.25,0
43,13,4,2653,44,6,0.0,15.21,15.21,0.0,484.47,38.3,170.96,93.83,6634.04,7888.25,0
43,13,4,2654,92,10,0.16,2.59,2.59,0.0,46.44,12.93,127.18,131.4,1217.26,46979.7,0
43,13,4,2655,92,10,0.16,5.19,5.19,0.0,82.08,8.33,63.82,68.56,864.13,36156.43,0
43,13,4,2656,92,10,0.16,0.62,0.62,0.0,9.6,15.09,88.32,142.35,673.28,23147.34,0
43,13,4,2657,92,10,0.16,0.7,0.7,0.0,10.69,16.32,92.58,147.22,658.55,24258.78,0
43,13,4,2658,92,51,0.02,1.01,1.01,0.0,16.75,21.85,114.68,196.11,1331.45,50918.21,0
43,13,4,2659,92,51,0.055,0.82,0.82,0.0,13.72,19.12,113.49,192.16,1333.85,50474.59,0
43,13,4,2660,112,56,0.11,0.61,0.61,0.0,10.28,17.26,91.97,120.43,1187.16,51647.14,0
43,13,4,2661,92,56,0.012,0.45,0.45,0.0,7.54,13.98,82.14,93.2,926.29,40260.05,0
43,13,4,2662,112,56,0.028999999999999998,0.6,0.6,0.0,10.07,16.91,95.69,131.99,1352.78,56900.34,0
